name,price,type,color,side_panel,style,image_url
ADATA XPG CRUISER,99.99,ATX Mid Tower,Black,Tempered Glass,gaming,https://m.media-amazon.com/images/I/41Ys6FXT0dL.jpg
Anidees AI Crystal XL AR 3,319.89,ATX Full Tower,Black,Tempered Glass,gaming,https://m.media-amazon.com/images/I/41qa5PUbn6L.jpg
Antec AX20,127.14,ATX Mid Tower,Black,Tempered Glass,gaming,https://cdna.pcpartpicker.com/static/forever/images/product/2edc8b7fcee570026a45c75ca16510b0.256p.jpg
Antec NX500M,59.99,MicroATX Mini Tower,Black,Tempered Glass,standard,https://m.media-amazon.com/images/I/51YBX7-QJLL.jpg
Antec P10 FLUX,99.99,ATX Mid Tower,Black,,standard,https://cdna.pcpartpicker.com/static/forever/images/product/75a78a7f1727db107e2d2a2011b871bc.256p.jpg
Antec P20C ARGB,99.99,ATX Mid Tower,Black,Tempered Glass,gaming,https://cdna.pcpartpicker.com/static/forever/images/product/71b939136f519ac738806d310c97fdae.256p.jpg
Antec VSK 3000 Elite,74.0,MicroATX Mini Tower,Black,,standard,https://cdna.pcpartpicker.com/static/forever/images/product/73c16b5acc6dbeeba496363f3628b5e4.256p.jpg
Apevia Matrix,75.98,ATX Mid Tower,Pink,Tempered Glass,gaming,https://m.media-amazon.com/images/I/419AnfJWovL.jpg
Asus TUF Gaming GT501 Demon Slayer Edition,279.99,ATX Mid Tower,Yellow / Black,Tempered Glass,gaming,https://cdna.pcpartpicker.com/static/forever/images/product/aace5afe96865eb251c628fd9014cdc2.256p.jpg
Azza Pyramid L,369.99,ATX Mid Tower,Gray / Black,Tempered Glass,gaming,https://cdna.pcpartpicker.com/static/forever/images/product/a7952ced8e0fb51e3ee286c9b2a80bd4.256p.jpg
Azza Pyramid Mini 806,279.99,Mini ITX Tower,Silver / Black,Tempered Glass,gaming,https://cdna.pcpartpicker.com/static/forever/images/product/1d472367ac2611c42bdfc75afbac4af9.256p.jpg
be quiet! Dark Base 700,199.9,ATX Mid Tower,Black,Tempered Glass,gaming,https://cdna.pcpartpicker.com/static/forever/images/product/e58b494c929a3995870cbc99301f9eb6.256p.jpg
be quiet! Pure Base 500DX,109.9,ATX Mid Tower,White,Tempered Glass,gaming,https://cdna.pcpartpicker.com/static/forever/images/product/f0f421e3fc3867493483981e8171cdc6.256p.jpg
BitFenix Colossus Micro,230.0,MicroATX Mid Tower,Black,,gaming,https://cdna.pcpartpicker.com/static/forever/images/product/653c7690d11cfdaf51ded6e4d8beba45.256p.jpg
BitFenix NOVA MESH SE TG,54.9,ATX Mid Tower,Black,Tempered Glass,gaming,https://cdna.pcpartpicker.com/static/forever/images/product/e6d933ec0e10bb67b9ed1970e9da7ef9.256p.jpg
BitFenix Prodigy M 2022 ARGB,139.2,MicroATX Mini Tower,White / Black,Tempered Glass,gaming,https://cdna.pcpartpicker.com/static/forever/images/product/61ddfad0de2f990bbf547182752eb863.256p.jpg
Chieftec BS-10B-300,183.5,MicroATX Mini Tower,Black,,standard,https://cdna.pcpartpicker.com/static/forever/images/product/7835c1a0b83416a7516ef89e16d67eb5.256p.jpg
Chieftec BT-06B-250VS (230v),209.0,Mini ITX Tower,,,standard,https://cdna.pcpartpicker.com/static/forever/images/product/d4657deeb870c7f844194822faf41235.256p.jpg
CiT Home RGB,48.49,MicroATX Mid Tower,Black,,standard,https://cdna.pcpartpicker.com/static/forever/images/product/3ecd46d93c8459ec3aface3e4f232fc0.256p.jpg
Cooler Master Elite 500 ODD,192.73,ATX Mid Tower,Black,Tempered Glass,standard,https://m.media-amazon.com/images/I/41OyO46QBrS.jpg
Cooler Master MasterBox 540,132.99,ATX Mid Tower,Black,Tempered Glass,gaming,https://cdna.pcpartpicker.com/static/forever/images/product/f84767dd49c397707d3bedecc2453b54.256p.jpg
Cooler Master MasterBox MB530P,119.99,ATX Mid Tower,Black,Tempered Glass,gaming,https://m.media-amazon.com/images/I/41Q87Y2CXIS.jpg
Cooler Master N400,84.0,ATX Mid Tower,Black,,standard,https://m.media-amazon.com/images/I/41PRRVkB5nL.jpg
Cooler Master QUBE 500 Flatpack,99.99,ATX Mid Tower,Black,Tempered Glass,standard,https://cdna.pcpartpicker.com/static/forever/images/product/82d04401b428a2cb9b2275c9661bed56.256p.jpg
Cooltek TG-01 RGB,182.82,ATX Mid Tower,Black,Tempered Glass,gaming,https://m.media-amazon.com/images/I/41eOjpIOlxL.jpg
Corsair iCUE 4000D RGB AIRFLOW,124.99,ATX Mid Tower,Black,Tempered Glass,gaming,https://cdna.pcpartpicker.com/static/forever/images/product/7429a209ece7eda0e02c11ba86aefbf4.256p.jpg
Corsair iCUE 5000X RGB QL Edition,298.99,ATX Mid Tower,White,Tempered Glass,gaming,https://cdna.pcpartpicker.com/static/forever/images/product/3c5e713c477572a5cbf960ed46054eb9.256p.jpg
Corsair iCUE 5000X RGB Shift,249.99,ATX Mid Tower,Black / Blue,Tempered Glass,gaming,https://cdna.pcpartpicker.com/static/forever/images/product/10a60c27a3b012d3e2f40397d7f3eaf9.256p.jpg
Cougar Archon 2 RGB,120.0,ATX Mid Tower,Black,Tempered Glass,gaming,https://cdna.pcpartpicker.com/static/forever/images/product/c3e28dcb28c96a665d94fe108c41cffd.256p.jpg
Cougar Gemini S,88.98,ATX Mid Tower,Gray / Black,Tempered Glass,gaming,https://cdna.pcpartpicker.com/static/forever/images/product/f667b0dc215ce738ec4b040359659674.256p.jpg
Cougar MX330-G,54.99,ATX Mid Tower,Black,Tempered Glass,gaming,https://cdna.pcpartpicker.com/static/forever/images/product/4fb6248b59678b0c8d394a23116d1ee3.256p.jpg
Cougar MX430 Air RGB,96.18,ATX Mid Tower,Black,Tempered Glass,gaming,https://cdna.pcpartpicker.com/static/forever/images/product/6434488800373d10fa61dc36674aa36d.256p.jpg
darkFlash Space,99.99,ATX Desktop,Black,Tempered Glass,gaming,https://m.media-amazon.com/images/I/41vvH4N8pTL.jpg
Deepcool CC560 ARGB,229.0,ATX Mid Tower,Black,Tempered Glass,gaming,https://cdna.pcpartpicker.com/static/forever/images/product/f6738119669f93b0b9471063ae22c01c.256p.jpg
Deepcool CG560,97.98,ATX Mid Tower,Black,Tempered Glass,gaming,https://cdna.pcpartpicker.com/static/forever/images/product/eea45f77008e89169c8ee86a66e89654.256p.jpg
Deepcool CK560,105.14,ATX Mid Tower,Black,Tempered Glass,gaming,https://cdna.pcpartpicker.com/static/forever/images/product/6a41085d835712d498664649d2d304ef.256p.jpg
DIYPC ARGB-Q01,64.97,MicroATX Mini Tower,White,Tempered Glass,gaming,https://cdna.pcpartpicker.com/static/forever/images/product/7b6cc109e164b9284d1595f536a961af.256p.jpg
DIYPC ARGB-Q8-W,49.94,MicroATX Mid Tower,Silver / Black,Tempered Glass,gaming,https://cdna.pcpartpicker.com/static/forever/images/product/23306a22483372e8b05c15fbb27090a0.256p.jpg
Fractal Design Core 1000 USB 3.0,51.63,MicroATX Mid Tower,Black,,standard,https://cdna.pcpartpicker.com/static/forever/images/product/a71b87c93a953bcd78a4d1f1fca14760.256p.jpg
Fractal Design Core 2300,69.01,ATX Mid Tower,Black,,standard,https://cdna.pcpartpicker.com/static/forever/images/product/5e3dacdab51c3a7f331e27cc70ea5783.256p.jpg
Fractal Design Define 7,230.61,ATX Mid Tower,Gray,,standard,https://cdna.pcpartpicker.com/static/forever/images/product/0b1d8d06f03a6f582a41419253bab136.256p.jpg
Fractal Design Define 7 XL Dark,234.99,ATX Full Tower,Black,Tinted Tempered Glass,standard,https://cdna.pcpartpicker.com/static/forever/images/product/aa4e27314abf40c0fdb9408aaac7a1a4.256p.jpg
Fractal Design Focus 2 RGB,95.0,ATX Mid Tower,White / Black,Tempered Glass,gaming,https://cdna.pcpartpicker.com/static/forever/images/product/de2930e8d5d8f93448392015cb97842b.256p.jpg
Fractal Design Meshify 2 Compact RGB,266.68,ATX Mid Tower,Black,Tinted Tempered Glass,gaming,https://cdna.pcpartpicker.com/static/forever/images/product/c2fefc59f3f729734044bddb2fa2666d.256p.jpg
Fractal Design Pop XL Air,109.99,ATX Full Tower,White,Tempered Glass,gaming,https://cdna.pcpartpicker.com/static/forever/images/product/048e9d2f829061df55885fb8eabd5952.256p.jpg
GameMax Contac Turbo COC,73.99,ATX Mid Tower,Pink / White,Tempered Glass,gaming,https://m.media-amazon.com/images/I/41J5V0YXB3S.jpg
HYTE Y60 Snow White,192.99,ATX Mid Tower,White,Tempered Glass,gaming,https://cdna.pcpartpicker.com/static/forever/images/product/057519c92f6acc11679400bd763c86f5.256p.jpg
Jonsbo D30,91.99,MicroATX Mini Tower,Black,Tempered Glass,standard,https://cdna.pcpartpicker.com/static/forever/images/product/acf3ec1251463a901a0899ee084f3399.256p.jpg
KOLINK KLM-002,110.22,MicroATX Mini Tower,Black,,standard,https://cdna.pcpartpicker.com/static/forever/images/product/7ae4b6e26c03ddebb2aa7947ae5c6530.256p.jpg
KOLINK OBSERVATORY RGB,438.0,ATX Mid Tower,Black,Tinted Tempered Glass,gaming,https://cdna.pcpartpicker.com/static/forever/images/product/6e05434e854a60aefaf4c74b331540b0.256p.jpg
KOLINK Rocket Complex,301.81,Mini ITX Tower,Black,Mesh,standard,https://cdna.pcpartpicker.com/static/forever/images/product/5d56b0f9830446f78884a497fba20d3e.256p.jpg
KOLINK Satellite,140.13,MicroATX Desktop,Black,Mesh,standard,https://cdna.pcpartpicker.com/static/forever/images/product/4cb7dc21cad76f7ad4e5b5f37e718624.256p.jpg
Lian Li A4-H20 X4,152.99,Mini ITX Desktop,Black,Mesh,standard,https://cdna.pcpartpicker.com/static/forever/images/product/5976fcee24c589859552a9f087690430.256p.jpg
Lian Li LANCOOL 215,98.69,ATX Mid Tower,White,Tempered Glass,gaming,https://cdna.pcpartpicker.com/static/forever/images/product/130d96ea79023c8e2b209551f02fc5b4.256p.jpg
Lian Li O11 Dynamic EVO,142.01,ATX Mid Tower,White / Gray,Tempered Glass,gaming,https://cdna.pcpartpicker.com/static/forever/images/product/ea0dee3c3376cc6326ca2f4a73a054ac.256p.jpg
Lian Li O11D XL-A,189.99,ATX Full Tower,Silver / Black,Tempered Glass,gaming,https://cdna.pcpartpicker.com/static/forever/images/product/47b55829e2790a80f76d0c4a9aa0a269.256p.jpg
Lian Li ODYSSEY X,199.99,ATX Full Tower,Silver / Black,Tempered Glass,gaming,https://cdna.pcpartpicker.com/static/forever/images/product/c158bba2b4a5e75faa8dc0e3af846ab9.256p.jpg
Lian Li V3000 PLUS,449.99,ATX Full Tower,Black,Tempered Glass,gaming,https://cdna.pcpartpicker.com/static/forever/images/product/1a1614e2de1761d1cfb7ebc68cd04b32.256p.jpg
MagniumGear Neo Micro V2,84.99,MicroATX Mid Tower,Black,Tempered Glass,gaming,https://cdna.pcpartpicker.com/static/forever/images/product/8493b3531aa65ee15db3ef75bed9e828.256p.jpg
MSI MAG VAMPIRIC 300R,336.37,ATX Mid Tower,Black,Tempered Glass,gaming,https://cdna.pcpartpicker.com/static/forever/images/product/9ce2a3873aa9a835fbe4640ac420cb90.256p.jpg
NZXT H5 Flow,84.99,ATX Mid Tower,Black,Tempered Glass,gaming,https://cdna.pcpartpicker.com/static/forever/images/product/84cb77175187296029f50f8bf6ca6960.256p.jpg
NZXT H510i Rivals,249.99,ATX Mid Tower,Yellow / Black,Tempered Glass,gaming,https://cdna.pcpartpicker.com/static/forever/images/product/2d1ae9e6e47310cf5ee0d8e806eab782.256p.jpg
NZXT H7,126.99,ATX Mid Tower,White / Black,Tempered Glass,gaming,https://cdna.pcpartpicker.com/static/forever/images/product/bec2a61865de879aa69df53f51b10e56.256p.jpg
NZXT H7 Elite,149.99,ATX Mid Tower,,Tempered Glass,gaming,https://cdna.pcpartpicker.com/static/forever/images/product/6e12f001dabebc1f9a50c8105f5dbd7b.256p.jpg
NZXT H7 Flow,114.99,ATX Mid Tower,White,Tempered Glass,gaming,https://cdna.pcpartpicker.com/static/forever/images/product/bec2a61865de879aa69df53f51b10e56.256p.jpg
Phanteks Eclipse G300A (1 Fan),34.99,ATX Mid Tower,Black,Tempered Glass,gaming,https://cdna.pcpartpicker.com/static/forever/images/product/269e22eb0f7059f28bc471bd84836b10.256p.jpg
Phanteks Eclipse G360A,79.99,ATX Mid Tower,Black,Tempered Glass,gaming,https://cdna.pcpartpicker.com/static/forever/images/product/c2a0ee7e8f2578f5da520a4c0d89a3c8.256p.jpg
Phanteks Eclipse P200A Performance,94.28,Mini ITX Tower,Black,,standard,https://cdna.pcpartpicker.com/static/forever/images/product/5359773f94ea3b4358629d0005476b3a.256p.jpg
Phanteks Enthoo Pro,109.99,ATX Full Tower,Black,Acrylic,standard,https://cdna.pcpartpicker.com/static/forever/images/product/d33969265ecd1db099fc1da15dabbf9d.256p.jpg
Phanteks NV5,94.99,ATX Mid Tower,Black,Tempered Glass,gaming,https://cdna.pcpartpicker.com/static/forever/images/product/e623be8bb6ab09a820493e6b05ffab8b.256p.jpg
Phanteks NV7,199.99,ATX Full Tower,White,Tempered Glass,gaming,https://cdna.pcpartpicker.com/static/forever/images/product/a7a51db6936de8b14fc20a3fda6ba954.256p.jpg
RAIJINTEK Enyo,399.9,ATX Full Tower,Black,Tempered Glass,gaming,https://cdna.pcpartpicker.com/static/forever/images/product/57a0ad387462949796d87f55fc84edd8.256p.jpg
RAIJINTEK METIS EVO ALS,98.59,Mini ITX Desktop,Blue,,standard,https://cdna.pcpartpicker.com/static/forever/images/product/5725c830c5f12b724b9819230c494fb0.256p.jpg
RAIJINTEK OPHION EVO,82.99,Mini ITX Desktop,Black,Acrylic,standard,https://cdna.pcpartpicker.com/static/forever/images/product/a00082ad4531b0d5b9d8ba4585e327c5.256p.jpg
RAIJINTEK OPHION M EVO ALS,92.99,MicroATX Mid Tower,Black,,standard,https://cdna.pcpartpicker.com/static/forever/images/product/69782a1be0fe2f9fb6c9031b4bcea9ab.256p.jpg
RAIJINTEK PAEAN MINI,89.99,Mini ITX Tower,Black,Tempered Glass,gaming,https://cdna.pcpartpicker.com/static/forever/images/product/4e452dbe81db0693525d3b17d47d0ebd.256p.jpg
Razer Tomahawk Mini-ITX,169.99,Mini ITX Tower,Black / Green,Tinted Tempered Glass,gaming,https://cdna.pcpartpicker.com/static/forever/images/product/494363e377e30d2a72ad813a0fd2e023.256p.jpg
Rosewill SPECTRA X,105.99,ATX Mid Tower,Black,Tempered Glass,gaming,https://cdna.pcpartpicker.com/static/forever/images/product/8f4786818be2ef11de178eda57e5a7b7.256p.jpg
Silverstone ALTA F1,313.67,ATX Mid Tower,Black,Tempered Glass,gaming,https://cdna.pcpartpicker.com/static/forever/images/product/da0030382dc3800d80198fef6743741d.256p.jpg
Silverstone CS330B,194.92,MicroATX Mini Tower,Black,,standard,https://cdna.pcpartpicker.com/static/forever/images/product/f8813a960d6dd9eb371645d050759375.256p.jpg
Silverstone FARA 513 Type-C,87.76,ATX Mid Tower,Black,,standard,https://m.media-amazon.com/images/I/41AMXxScyxL.jpg
Silverstone GD06B,178.82,HTPC,Black,,standard,https://m.media-amazon.com/images/I/31OqJU3B86L.jpg
Silverstone GD09 Type-C,174.64,HTPC,Black,Mesh,standard,https://cdna.pcpartpicker.com/static/forever/images/product/06b4ebd2e29ee3b6df5e78e3f68c3d3b.256p.jpg
Silverstone GD09B,119.87,HTPC,Black,,standard,https://m.media-amazon.com/images/I/41MQHhHkORL.jpg
Silverstone GD10B,158.94,HTPC,Black,,standard,https://m.media-amazon.com/images/I/31UuqSEFe3L.jpg
Silverstone GD11,167.99,HTPC,Black,,standard,https://cdna.pcpartpicker.com/static/forever/images/product/271c5f93df7e61677a677d037e665dae.256p.jpg
Silverstone ML04B,117.01,HTPC,Black,,standard,https://cdna.pcpartpicker.com/static/forever/images/product/031ffb619d8b7bb071265f4d37ccf963.256p.jpg
Silverstone ML05B,76.97,HTPC,Black,,standard,https://cdna.pcpartpicker.com/static/forever/images/product/2c01e4734ff9b282d460d445fc2efa72.256p.jpg
Silverstone ML06B,87.18,HTPC,Black,,standard,https://m.media-amazon.com/images/I/31oBQdR7wWL.jpg
Silverstone PS14-E,81.38,ATX Mid Tower,Black,,standard,https://cdna.pcpartpicker.com/static/forever/images/product/f00c1c387149aee6dbf52ef005ccb292.256p.jpg
Silverstone RV05B,135.93,ATX Mid Tower,White / Black,Acrylic,gaming,https://m.media-amazon.com/images/I/419tEybT4EL.jpg
Silverstone RVZ03,144.13,Mini ITX Desktop,Black,,standard,https://m.media-amazon.com/images/I/41Dxg-wcGML.jpg
Thermaltake Core W200,506.88,ATX Full Tower,Black,Acrylic,gaming,https://images-na.ssl-images-amazon.com/images/I/41HCpu6NS4L.jpg
Thermaltake Divider 200 TG Air Snow,149.96,MicroATX Mini Tower,White,Tempered Glass,gaming,https://cdna.pcpartpicker.com/static/forever/images/product/4abfc0672ec5e72aabb60b83fe9fb8a9.256p.jpg
Thermaltake Divider 370 TG Snow ARGB,99.99,ATX Mid Tower,White / Black,Tempered Glass,gaming,https://m.media-amazon.com/images/I/41wdOO0H+ML.jpg
Thermaltake H100 TG,560.0,ATX Mid Tower,Black,Tempered Glass,standard,https://cdna.pcpartpicker.com/static/forever/images/product/8c95b6cfcee2041bcdca623b2c8d747c.256p.jpg
Thermaltake LANBOX Lite,79.96,MicroATX Mini Tower,Black,,standard,https://m.media-amazon.com/images/I/41PVHqXdC-L.jpg
Thermaltake V250 TG ARGB,79.98,ATX Mid Tower,Black,Tempered Glass,gaming,https://cdna.pcpartpicker.com/static/forever/images/product/643860f47f4275067f8b31f3cafe7b1c.256p.jpg
Thermaltake View 51 ARGB Edition,199.99,ATX Full Tower,Black,Tempered Glass,gaming,https://cdna.pcpartpicker.com/static/forever/images/product/f342bd8fd1a5a474997e69d285719f92.256p.jpg
Zalman S3,56.99,ATX Mid Tower,Black,Acrylic,standard,https://cdna.pcpartpicker.com/static/forever/images/product/39166e47f3aff14ffeb9e3239d413a10.256p.jpg