#,name,pci-e,series,vram,price,producer,length,slots,8-pin connectors,6-pin connectors,hdmi,display port,dvi,vga,boost clock,memory clock,sync,tdp,url
1,EVGA GeForce GT 1030 SC,3.0,GeForce GT 1030,2 GB,106.21,EVGA,144.8 mm,,0.0,0.0,0.0,0.0,0.0,0.0,1544 MHz,4 MHz,,30 W,https://www.pc-kombo.com/us/product/gpu/4250812420237_EVGA%20GeForce%20GT%201030%20SC
2,Gigabyte GeForce GT 1030,3.0,GeForce GT 1030,2 GB,109.99,Gigabyte,149.9 mm,1.0,0.0,0.0,0.0,0.0,0.0,0.0,1468 MHz,4 MHz,,30 W,https://www.pc-kombo.com/us/product/gpu/4719331301590_Gigabyte%20GeForce%20GT%201030
3,Gigabyte GeForce GT 1030 Low Profile D4,3.0,GeForce GT 1030,2 GB,63.99,Gigabyte,149.9 mm,1.5,0.0,0.0,1.0,0.0,1.0,0.0,1379 MHz,4200 MHz,,30 W,https://www.pc-kombo.com/us/product/gpu/4719331303280_Gigabyte%20GeForce%20GT%201030%20Low%20Profile%20D4
4,MSI GT 710 Low Profile,3.0,GeForce GT 710,2 GB,51.58,MSI,146 mm,1.0,0.0,0.0,1.0,0.0,1.0,1.0,954 MHz,1600 MHz,,10 W,https://www.pc-kombo.com/us/product/gpu/0824142126905_MSI%20GT%20710%20Low%20Profile
5,Gigabyte GT 730,3.0,GeForce GT 730,2 GB,49.99,Gigabyte,150 mm,1.0,0.0,0.0,1.0,0.0,1.0,0.0,902 MHz,5000 MHz,,38 W,https://www.pc-kombo.com/us/product/gpu/0889523010556_Gigabyte%20GT%20730
6,Asus PH GTX 1050 2G,3.0,GeForce GTX 1050,2 GB,149.0,ASUS,192 mm,2.0,0.0,0.0,1.0,1.0,1.0,0.0,1455 MHz,7008 MHz,G-Sync,75 W,https://www.pc-kombo.com/us/product/gpu/0889349584613_Asus%20PH%20GTX%201050%202G
7,Gigabyte GeForce GTX 1050,3.0,GeForce GTX 1050,2 GB,119.99,Gigabyte,172 mm,2.0,0.0,0.0,0.0,0.0,0.0,0.0,1455 MHz,4 MHz,G-Sync,75 W,https://www.pc-kombo.com/us/product/gpu/4719331339302_Gigabyte%20GeForce%20GTX%201050
8,Gigabyte GeForce GTX 1050 OC,3.0,GeForce GTX 1050,2 GB,129.99,Gigabyte,167 mm,2.0,0.0,0.0,0.0,0.0,0.0,0.0,1468 MHz,4 MHz,G-Sync,75 W,https://www.pc-kombo.com/us/product/gpu/4719331301163_Gigabyte%20GeForce%20GTX%201050%20OC
9,ASUS GeForce GTX 1050 Ti STRIX O4G Gaming,3.0,GeForce GTX 1050 Ti,4 GB,279.72,ASUS,241 mm,2.0,0.0,1.0,0.0,0.0,0.0,0.0,1493 MHz,4 MHz,G-Sync,75 W,https://www.pc-kombo.com/us/product/gpu/4712900578126_ASUS%20GeForce%20GTX%201050%20Ti%20STRIX%20O4G%20Gaming
10,Gigabyte GeForce GTX 1050 Ti WindForce 2X OC,3.0,GeForce GTX 1050 Ti,4 GB,189.99,Gigabyte,229 mm,2.0,0.0,0.0,0.0,0.0,0.0,0.0,1442 MHz,4 MHz,G-Sync,75 W,https://www.pc-kombo.com/us/product/gpu/4719331339272_Gigabyte%20GeForce%20GTX%201050%20Ti%20WindForce%202X%20OC
11,Gigabyte GeForce GTX 1050 Ti OC,3.0,GeForce GTX 1050 Ti,4 GB,169.99,Gigabyte,167 mm,2.0,0.0,0.0,0.0,0.0,0.0,0.0,1417 MHz,4 MHz,G-Sync,75 W,https://www.pc-kombo.com/us/product/gpu/4719331301156_Gigabyte%20GeForce%20GTX%201050%20Ti%20OC
12,EVGA GeForce GTX 1060 FTW+ Gaming ACX 3.0,3.0,GeForce GTX 1060 (3GB),3 GB,279.99,EVGA,266.7 mm,2.0,1.0,0.0,0.0,0.0,0.0,0.0,1860 MHz,4 MHz,G-Sync,120 W,https://www.pc-kombo.com/us/product/gpu/4250812416353_EVGA%20GeForce%20GTX%201060%20FTW+%20Gaming%20ACX%203.0
13,EVGA GeForce GTX 1060 Gaming,3.0,GeForce GTX 1060 (3GB),3 GB,266.12,EVGA,266.7 mm,2.0,0.0,1.0,0.0,0.0,0.0,0.0,1706 MHz,4 MHz,G-Sync,120 W,https://www.pc-kombo.com/us/product/gpu/4250812415318_EVGA%20GeForce%20GTX%201060%20Gaming
14,EVGA GeForce GTX 1060 SSC Gaming ACX 3.0,3.0,GeForce GTX 1060 (3GB),3 GB,259.99,EVGA,266.7 mm,2.0,1.0,0.0,0.0,0.0,0.0,0.0,1835 MHz,4 MHz,G-Sync,120 W,https://www.pc-kombo.com/us/product/gpu/4250812416506_EVGA%20GeForce%20GTX%201060%20SSC%20Gaming%20ACX%203.0
15,ZOTAC GeForce GTX 1060 AMP! Edition,3.0,GeForce GTX 1060 (6GB),6 GB,285.99,ZOTAC,210 mm,2.0,0.0,1.0,0.0,0.0,0.0,0.0,1771 MHz,0 MHz,G-Sync,120 W,https://www.pc-kombo.com/us/product/gpu/4895173610165_ZOTAC%20GeForce%20GTX%201060%20AMP!%20Edition
16,EVGA GeForce GTX 1060,3.0,GeForce GTX 1060 (6GB),6 GB,159.99,EVGA,266.7 mm,2.0,0.0,1.0,0.0,0.0,0.0,0.0,1706 MHz,4 MHz,G-Sync,120 W,https://www.pc-kombo.com/us/product/gpu/4250812415349_EVGA%20GeForce%20GTX%201060
17,EVGA GeForce GTX 1060 FTW Gaming,3.0,GeForce GTX 1060 (6GB),6 GB,309.99,EVGA,266.7 mm,2.0,1.0,0.0,0.0,0.0,0.0,0.0,1847 MHz,4 MHz,G-Sync,120 W,https://www.pc-kombo.com/us/product/gpu/4250812415400_EVGA%20GeForce%20GTX%201060%20FTW%20Gaming
18,EVGA GeForce GTX 1070 FTW Hyabrid Gaming,3.0,GeForce GTX 1070,8 GB,429.99,EVGA,266.7 mm,2.0,2.0,0.0,0.0,0.0,0.0,0.0,1797 MHz,4 MHz,G-Sync,150 W,https://www.pc-kombo.com/us/product/gpu/4250812415776_EVGA%20GeForce%20GTX%201070%20FTW%20Hybrid%20Gaming
19,ZOTAC GeForce GTX 1070 Mini,3.0,GeForce GTX 1070,8 GB,309.99,ZOTAC,210 mm,2.0,1.0,0.0,0.0,0.0,0.0,0.0,1708 MHz,0 MHz,G-Sync,150 W,https://www.pc-kombo.com/us/product/gpu/4895173610189_ZOTAC%20GeForce%20GTX%201070%20Mini
20,EVGA GeForce GTX 1070 SC Gaming ACX 3.0,3.0,GeForce GTX 1070,8 GB,420.0,EVGA,266.7 mm,2.0,1.0,0.0,0.0,0.0,0.0,0.0,1784 MHz,4 MHz,G-Sync,150 W,https://www.pc-kombo.com/us/product/gpu/4250812414076_EVGA%20GeForce%20GTX%201070%20SC%20Gaming%20ACX%203.0
21,Gigabyte GeForce GTX 1070 Ti Aorus 8G,3.0,GeForce GTX 1070 Ti,8 GB,506.61,Gigabyte,280 mm,2.0,1.0,0.0,0.0,0.0,0.0,0.0,1683 MHz,2 MHz,G-Sync,180 W,https://www.pc-kombo.com/us/product/gpu/4719331302900_Gigabyte%20GeForce%20GTX%201070%20Ti%20Aorus%208G
22,Asus ROG STRIX GTX 1070TI 8G GAMING,3.0,GeForce GTX 1070 Ti,8 GB,749.0,ASUS,298 mm,2.5,1.0,0.0,2.0,2.0,1.0,0.0,1721 MHz,8008 MHz,G-Sync,180 W,https://www.pc-kombo.com/us/product/gpu/0190017147772_Asus%20ROG%20STRIX%20GTX%201070TI%208G%20GAMING
23,EVGA GeForce GTX 1070 Ti FTW Ultra Silent,3.0,GeForce GTX 1070 Ti,8 GB,569.99,EVGA,266.7 mm,3.0,2.0,0.0,0.0,0.0,0.0,0.0,1683 MHz,2 MHz,G-Sync,180 W,https://www.pc-kombo.com/us/product/gpu/4250812423498_EVGA%20GeForce%20GTX%201070%20Ti%20FTW%20Ultra%20Silent
24,ASUS GeForce GTX 1080 STRIX 8G Gaming,3.0,GeForce GTX 1080,8 GB,599.89,ASUS,298 mm,2.0,1.0,1.0,0.0,0.0,0.0,0.0,1733 MHz,5 MHz,G-Sync,180 W,https://www.pc-kombo.com/us/product/gpu/4712900442250_ASUS%20GeForce%20GTX%201080%20STRIX%208G%20Gaming
25,ASUS GeForce GTX 1080 Turbo 8G,3.0,GeForce GTX 1080,8 GB,449.99,ASUS,266.7 mm,2.0,1.0,0.0,0.0,0.0,0.0,0.0,1733 MHz,5 MHz,G-Sync,180 W,https://www.pc-kombo.com/us/product/gpu/4712900426663_ASUS%20GeForce%20GTX%201080%20Turbo%208G
26,Asus ROG STRIX GTX 1080 8G GAMING,3.0,GeForce GTX 1080,8 GB,524.99,ASUS,298 mm,2.0,1.0,1.0,2.0,2.0,1.0,0.0,1771 MHz,10010 MHz,G-Sync,180 W,https://www.pc-kombo.com/us/product/gpu/0889349442234_Asus%20ROG%20STRIX%20GTX%201080%208G%20GAMING
27,Gigabyte GeForce GTX 1080 Ti Waterforce W Xtreme 11G,3.0,GeForce GTX 1080 Ti,11 GB,959.99,Gigabyte,266.7 mm,2.5,2.0,0.0,0.0,0.0,0.0,0.0,1721 MHz,16 MHz,G-Sync,250 W,https://www.pc-kombo.com/us/product/gpu/4719331301804_Gigabyte%20GeForce%20GTX%201080%20Ti%20Waterforce%20W%20Xtreme%2011G
28,ASUS GeForce GTX 1080 Ti STRIX O11G Gaming,3.0,GeForce GTX 1080 Ti,11 GB,829.99,ASUS,298 mm,2.5,2.0,0.0,0.0,0.0,0.0,0.0,1683 MHz, 0 MHz,G-Sync,250 W,https://www.pc-kombo.com/us/product/gpu/4712900714555_ASUS%20GeForce%20GTX%201080%20Ti%20STRIX%20O11G%20Gaming
29,Gigabyte GeForce GTX 1080 Ti Gaming OC Black,3.0,GeForce GTX 1080 Ti,11 GB,719.99,Gigabyte,280 mm,2.0,1.0,1.0,0.0,0.0,0.0,0.0,1632 MHz,5 MHz,G-Sync,250 W,https://www.pc-kombo.com/us/product/gpu/4719331302313_Gigabyte%20GeForce%20GTX%201080%20Ti%20Gaming%20OC%20Black
30,Gigabyte GeForce GTX 1650 D6 WindForce OC,3.0,GeForce GTX 1650 (4GB),4 GB,249.99,Gigabyte,191 mm,2.0,0.0,0.0,1.0,1.0,0.0,0.0,1650 MHz,12000 MHz,,75 W,https://www.pc-kombo.com/us/product/gpu/4719331306588_Gigabyte%20GeForce%20GTX%201650%20D6%20WindForce%20OC
31,EVGA GeForce GTX 1650 SC Ultra Gaming GDDR6,3.0,GeForce GTX 1650 (4GB),4 GB,184.99,EVGA,202 mm,2.0,0.0,1.0,1.0,2.0,0.0,0.0,1710 MHz,12000 MHz,G-Sync,75 W,https://www.pc-kombo.com/us/product/gpu/4250812436559_EVGA%20GeForce%20GTX%201650%20SC%20Ultra%20Gaming%20GDDR6
32,"ZOTAC GAMING GeForce GTX 1650 OC, 4096 MB GDDR5",3.0,GeForce GTX 1650 (4GB),4 GB,142.99,ZOTAC,151 mm,2.0,0.0,0.0,1.0,1.0,1.0,0.0,1695 MHz,8000 MHz,G-Sync,75 W,"https://www.pc-kombo.com/us/product/gpu/4895173618604_ZOTAC%20GAMING%20GeForce%20GTX%201650%20OC,%204096%20MB%20GDDR5"
33,Gigabyte GeForce GTX 1650 Super OC,3.0,GeForce GTX 1650 Super,4 GB,151.99,Gigabyte,172 mm,2.0,0.0,1.0,1.0,1.0,1.0,0.0,1740 MHz,12000 MHz,,100 W,https://www.pc-kombo.com/us/product/gpu/4719331306410_Gigabyte%20GeForce%20GTX%201650%20Super%20OC
34,ZOTAC GAMING GeForce GTX 1650 Super Twin Fan,3.0,GeForce GTX 1650 Super,4 GB,159.99,ZOTAC,158.5 mm,2.0,0.0,1.0,1.0,1.0,1.0,0.0,1725 MHz,12000 MHz,G-Sync,100 W,https://www.pc-kombo.com/us/product/gpu/4895173620263_ZOTAC%20GAMING%20GeForce%20GTX%201650%20Super%20Twin%20Fan
35,ASUS GeForce GTX 1650 Super,3.0,GeForce GTX 1650 Super,4 GB,164.99,ASUS,174 mm,2.0,0.0,1.0,1.0,1.0,1.0,0.0,1770 MHz,12000 MHz,G-Sync,100 W,https://www.pc-kombo.com/us/product/gpu/4718017557658_ASUS%20GeForce%20GTX%201650%20Super
36,EVGA GeForce GTX 1660 SC Ultra Gaming,3.0,GeForce GTX 1660 (6GB),6 GB,249.99,EVGA,202 mm,2.0,1.0,0.0,1.0,1.0,1.0,0.0,1830 MHz,8000 MHz,,120 W,https://www.pc-kombo.com/us/product/gpu/4250812432995_EVGA%20GeForce%20GTX%201660%20SC%20Ultra%20Gaming
37,ZOTAC GAMING GeForce GTX 1660 Twin Fan,3.0,GeForce GTX 1660 (6GB),6 GB,229.99,ZOTAC,173.4 mm,2.0,1.0,0.0,1.0,3.0,0.0,0.0,1785 MHz,8000 MHz,G-Sync,120 W,https://www.pc-kombo.com/us/product/gpu/4895173618116_ZOTAC%20GAMING%20GeForce%20GTX%201660%20Twin%20Fan
38,ZOTAC GAMING GeForce GTX 1660 AMP! Edition,3.0,GeForce GTX 1660 (6GB),6 GB,239.99,ZOTAC,209.6 mm,2.0,1.0,0.0,1.0,3.0,0.0,0.0,1845 MHz,8000 MHz,,130 W,https://www.pc-kombo.com/us/product/gpu/4895173618109_ZOTAC%20GAMING%20GeForce%20GTX%201660%20AMP!%20Edition
39,ZOTAC GAMING GeForce GTX 1660 Super AMP! Edition,3.0,GeForce GTX 1660 Super,6 GB,249.99,ZOTAC,209.6 mm,,1.0,0.0,0.0,0.0,0.0,0.0,0 MHz,14000 MHz,,125 W,https://www.pc-kombo.com/us/product/gpu/4895173619960_ZOTAC%20GAMING%20GeForce%20GTX%201660%20Super%20AMP!%20Edition
40,ASUS GeForce GTX 1660 Super TUF,3.0,GeForce GTX 1660 Super,6 GB,232.99,ASUS,264 mm,2.75,1.0,0.0,1.0,1.0,1.0,0.0,0 MHz,14002 MHz,,125 W,https://www.pc-kombo.com/us/product/gpu/4718017503846_ASUS%20GeForce%20GTX%201660%20Super%20TUF
41,ASUS GeForce GTX 1660 Super TUF O6G Gaming,3.0,GeForce GTX 1660 Super,6 GB,197.99,ASUS,206 mm,2.5,1.0,0.0,1.0,1.0,1.0,0.0,1815 MHz,14002 MHz,,125 W,https://www.pc-kombo.com/us/product/gpu/4718017551618_ASUS%20GeForce%20GTX%201660%20Super%20TUF%20O6G%20Gaming
42,Gigabyte Aorus GeForce GTX 1660 Ti 6G,3.0,GeForce GTX 1660 Ti (6GB),6 GB,309.99,Gigabyte,280 mm,,1.0,0.0,1.0,1.0,0.0,0.0,1890 MHz,12000 MHz,G-Sync,120 W,https://www.pc-kombo.com/us/product/gpu/4719331304539_Gigabyte%20Aorus%20GeForce%20GTX%201660%20Ti%206G
43,ASUS GeForce GTX 1660 Ti Dual O6G,3.0,GeForce GTX 1660 Ti (6GB),6 GB,294.99,ASUS,215 mm,2.5,1.0,0.0,1.0,1.0,1.0,0.0,1800 MHz,12000 MHz,G-Sync,120 W,https://www.pc-kombo.com/us/product/gpu/4718017258142_ASUS%20GeForce%20GTX%201660%20Ti%20Dual%20O6G
44,Gigabyte GeForce GTX 1660 Ti WindForce OC 6G,3.0,GeForce GTX 1660 Ti (6GB),6 GB,239.99,Gigabyte,264.9 mm,2.0,1.0,0.0,1.0,1.0,0.0,0.0,1845 MHz,12000 MHz,G-Sync,120 W,https://www.pc-kombo.com/us/product/gpu/4719331304447_Gigabyte%20GeForce%20GTX%201660%20Ti%20WindForce%20OC%206G
45,EVGA GTX 660 Superclocked,3.0,GeForce GTX 660,2 GB,244.99,EVGA,241 mm,2.0,0.0,1.0,1.0,1.0,1.0,1.0,1110 MHz,6008 MHz,G-Sync,140 W,https://www.pc-kombo.com/us/product/gpu/5554442246939_EVGA%20GTX%20660%20Superclocked
46,EVGA GeForce GTX 750 Superclocked,3.0,GeForce GTX 750,1 GB,129.99,EVGA,170 mm,2.0,0.0,0.0,1.0,1.0,1.0,0.0,1294 MHz,5012 MHz,G-Sync,55 W,https://www.pc-kombo.com/us/product/gpu/0843368027957_EVGA%20GeForce%20GTX%20750%20Superclocked
47,Asus Strix Geforce GTX 980,3.0,GeForce GTX 980,4 GB,527.2,ASUS,289 mm,2.0,1.0,1.0,1.0,3.0,1.0,0.0,1304 MHz,7010 MHz,G-Sync,300 W,https://www.pc-kombo.com/us/product/gpu/4056572596126_Asus%20Strix%20Geforce%20GTX%20980
48,Gigabyte GeForce RTX 2060 D6,3.0,GeForce RTX 2060 (6GB),6 GB,259.99,Gigabyte,225.6 mm,2.0,1.0,0.0,1.0,3.0,0.0,0.0,1680 MHz,14000 MHz,,160 W,https://www.pc-kombo.com/us/product/gpu/4719331309190_Gigabyte%20GeForce%20RTX%202060%20D6
49,EVGA GeForce RTX 2060 XC Ultra Black Gaming,3.0,GeForce RTX 2060 (6GB),6 GB,389.99,EVGA,269.2 mm,2.0,1.0,0.0,1.0,2.0,1.0,0.0,1680 MHz,14000 MHz,G-Sync,160 W,https://www.pc-kombo.com/us/product/gpu/4250812431714_EVGA%20GeForce%20RTX%202060%20XC%20Ultra%20Black%20Gaming
50,EVGA GeForce RTX 2060 KO Gaming,3.0,GeForce RTX 2060 (6GB),6 GB,301.66,EVGA,202.1 mm,,1.0,0.0,0.0,0.0,0.0,0.0,1680 MHz,14000 MHz,,160 W,https://www.pc-kombo.com/us/product/gpu/0843368065492_EVGA%20GeForce%20RTX%202060%20KO%20Gaming
51,Gigabyte GeForce RTX 2060 Super Gaming OC,3.0,GeForce RTX 2060 Super,8 GB,351.99,Gigabyte,280.35 mm,2.0,1.0,1.0,1.0,1.0,0.0,0.0,1815 MHz,14000 MHz,,175 W,https://www.pc-kombo.com/us/product/gpu/4719331304959_Gigabyte%20GeForce%20RTX%202060%20Super%20Gaming%20OC
52,PNY GeForce RTX 2060 SUPER XRL8 OC Twin Fan,3.0,GeForce RTX 2060 Super,8 GB,409.99,PNY,235 mm,2.0,1.0,0.0,1.0,3.0,0.0,0.0,1680 MHz,14000 MHz,,175 W,https://www.pc-kombo.com/us/product/gpu/0751492630465_PNY%20GeForce%20RTX%202060%20SUPER%20XRL8%20OC%20Twin%20Fan
53,Gigabyte GeForce RTX 2060 Super Gaming OC 3X 8G White,3.0,GeForce RTX 2060 Super,8 GB,359.99,Gigabyte,280.35 mm,2.0,1.0,0.0,1.0,3.0,0.0,0.0,1815 MHz,14000 MHz,,175 W,https://www.pc-kombo.com/us/product/gpu/4719331305376_Gigabyte%20GeForce%20RTX%202060%20Super%20Gaming%20OC%203X%208G%20White
54,PNY GeForce RTX 2070 XLR8 Gaming OC,3.0,GeForce RTX 2070,8 GB,629.99,PNY,188 mm,2.0,1.0,0.0,1.0,2.0,1.0,0.0,1710 MHz,14000 MHz,G-Sync,185 W,https://www.pc-kombo.com/us/product/gpu/0751492622125_PNY%20GeForce%20RTX%202070%20XLR8%20Gaming%20OC
55,EVGA GeForce RTX 2070 Black Edition,3.0,GeForce RTX 2070,8 GB,497.09,EVGA,269.2 mm,2.0,1.0,0.0,1.0,2.0,1.0,0.0,1620 MHz,14000 MHz,G-Sync,175 W,https://www.pc-kombo.com/us/product/gpu/4250812430557_EVGA%20GeForce%20RTX%202070%20Black%20Edition
56,Gigabyte GeForce RTX 2070 Windforce 2X 8G 3.,3.0,GeForce RTX 2070,8 GB,359.99,Gigabyte,266.7 mm,2.0,1.0,0.0,1.0,3.0,0.0,0.0,1620 MHz,14000 MHz,,175 W,https://www.pc-kombo.com/us/product/gpu/4719331305956_Gigabyte%20GeForce%20RTX%202070%20Windforce%202X%208G%203.
57,Gigabyte Aorus GeForce RTX 2070 Super Gaming OC,3.0,GeForce RTX 2070 Super,8 GB,446.99,Gigabyte,286.5 mm,2.5,1.0,1.0,1.0,1.0,0.0,0.0,1815 MHz,14000 MHz,,260 W,https://www.pc-kombo.com/us/product/gpu/4719331305208_Gigabyte%20Aorus%20GeForce%20RTX%202070%20Super%20Gaming%20OC
58,Gigabyte Aorus GeForce RTX 2070 Super,3.0,GeForce RTX 2070 Super,8 GB,465.99,Gigabyte,290 mm,3.0,2.0,0.0,1.0,1.0,0.0,0.0,1905 MHz,14000 MHz,,260 W,https://www.pc-kombo.com/us/product/gpu/4719331305192_Gigabyte%20Aorus%20GeForce%20RTX%202070%20Super
59,Gigabyte GeForce RTX 2070 Super Windforce OC 3X,3.0,GeForce RTX 2070 Super,8 GB,499.99,Gigabyte,286 mm,2.5,1.0,1.0,1.0,3.0,0.0,0.0,1785 MHz,14000 MHz,,260 W,https://www.pc-kombo.com/us/product/gpu/4719331305505_Gigabyte%20GeForce%20RTX%202070%20Super%20Windforce%20OC%203X
60,EVGA GeForce RTX 2080 XC Ultra,3.0,GeForce RTX 2080,8 GB,799.99,EVGA,269.2 mm,5.0,1.0,0.0,1.0,3.0,0.0,0.0,0 MHz,14000 MHz,G-Sync,225 W,https://www.pc-kombo.com/us/product/gpu/4250812429575_EVGA%20GeForce%20RTX%202080%20XC%20Ultra
61,ZOTAC GAMING GeForce RTX 2080 AMP! Edition,3.0,GeForce RTX 2080,8 GB,639.99,ZOTAC,308 mm,5.0,1.0,1.0,1.0,3.0,0.0,0.0,0 MHz,14000 MHz,G-Sync,225 W,https://www.pc-kombo.com/us/product/gpu/4895173617041_ZOTAC%20GAMING%20GeForce%20RTX%202080%20AMP!%20Edition
62,ZOTAC GAMING GeForce RTX 2080 Blower,3.0,GeForce RTX 2080,8 GB,934.79,ZOTAC,268 mm,2.0,1.0,1.0,1.0,3.0,0.0,0.0,0 MHz,14000 MHz,G-Sync,225 W,https://www.pc-kombo.com/us/product/gpu/4895173617027_ZOTAC%20GAMING%20GeForce%20RTX%202080%20Blower
63,Gigabyte GeForce RTX 2080 Super Gaming OC,3.0,GeForce RTX 2080 Super,8 GB,599.99,Gigabyte,286.5 mm,2.5,1.0,1.0,1.0,3.0,0.0,0.0,1845 MHz,15500 MHz,,250 W,https://www.pc-kombo.com/us/product/gpu/4719331305611_Gigabyte%20GeForce%20RTX%202080%20Super%20Gaming%20OC
64,Gigabyte GeForce RTX 2080 Super Gaming OC White,3.0,GeForce RTX 2080 Super,8 GB,599.99,Gigabyte,286.5 mm,2.5,1.0,1.0,1.0,3.0,0.0,0.0,1845 MHz,15500 MHz,,250 W,https://www.pc-kombo.com/us/product/gpu/4719331305963_Gigabyte%20GeForce%20RTX%202080%20Super%20Gaming%20OC%20White
65,EVGA GeForce RTX 2080 Super FTW3 Hydro Copper Gaming,3.0,GeForce RTX 2080 Super,8 GB,879.99,EVGA,290.87 mm,2.0,2.0,0.0,1.0,3.0,0.0,0.0,1845 MHz,15500 MHz,,250 W,https://www.pc-kombo.com/us/product/gpu/4250812434128_EVGA%20GeForce%20RTX%202080%20Super%20FTW3%20Hydro%20Copper%20Gaming
66,EVGA GeForce RTX 2080 Ti Black Edition Gaming,3.0,GeForce RTX 2080 Ti,11 GB,1139.99,EVGA,269.2 mm,2.0,2.0,0.0,1.0,3.0,0.0,0.0,1545 MHz,14000 MHz,,250 W,https://www.pc-kombo.com/us/product/gpu/4250812430861_EVGA%20GeForce%20RTX%202080%20Ti%20Black%20Edition%20Gaming
67,EVGA GeForce RTX 2080 Ti,3.0,GeForce RTX 2080 Ti,11 GB,1309.99,EVGA,266 mm,2.0,2.0,0.0,1.0,2.0,0.0,0.0,1545 MHz,14000 MHz,,250 W,https://www.pc-kombo.com/us/product/gpu/4250812429766_EVGA%20GeForce%20RTX%202080%20Ti
68,MSI GeForce RTX 2080 Ti Gaming X Trio,3.0,GeForce RTX 2080 Ti,11 GB,1189.0,MSI,327 mm,2.5,2.0,1.0,1.0,3.0,0.0,0.0,0 MHz,0 MHz,,250 W,https://www.pc-kombo.com/us/product/gpu/4719072596965_MSI%20GeForce%20RTX%202080%20Ti%20Gaming%20X%20Trio
69,MSI GeForce RTX 3050 Aero ITX 8G OC,4.0,GeForce RTX 3050 (8GB),8 GB,344.99,MSI,172 mm,2.0,1.0,0.0,1.0,3.0,0.0,0.0,1845 MHz,4 MHz,,130 W,https://www.pc-kombo.com/us/product/gpu/4719072943301_MSI%20GeForce%20RTX%203050%20Aero%20ITX%208G%20OC
70,MSI GeForce RTX 3050 Gaming X,4.0,GeForce RTX 3050 (8GB),8 GB,206.99,MSI,278 mm,2.5,1.0,0.0,1.0,3.0,0.0,0.0,0 MHz,4 MHz,,130 W,https://www.pc-kombo.com/us/product/gpu/4719072935092_MSI%20GeForce%20RTX%203050%20Gaming%20X
71,Gigabyte GeForce RTX 3050 Eagle OC,4.0,GeForce RTX 3050 (8GB),8 GB,299.99,Gigabyte,213 mm,2.0,1.0,0.0,2.0,2.0,0.0,0.0,1792 MHz,4 MHz,,130 W,https://www.pc-kombo.com/us/product/gpu/4719331310721_Gigabyte%20GeForce%20RTX%203050%20Eagle%20OC
72,ASUS GeForce RTX 3060 TUF LHR,4.0,GeForce RTX 3060,12 GB,462.59,ASUS,301 mm,2.7,1.0,0.0,2.0,3.0,0.0,0.0,1882 MHz,15000 MHz,,170 W,https://www.pc-kombo.com/us/product/gpu/4711081310228_ASUS%20GeForce%20RTX%203060%20TUF%20LHR
73,ZOTAC GAMING GeForce RTX 3060 Twin Edge OC,4.0,GeForce RTX 3060,12 GB,349.99,ZOTAC,225 mm,2.0,1.0,0.0,1.0,3.0,0.0,0.0,1807 MHz,7500 MHz,G-Sync,170 W,https://www.pc-kombo.com/us/product/gpu/4895173622830_ZOTAC%20GAMING%20GeForce%20RTX%203060%20Twin%20Edge%20OC
74,ASUS GeForce RTX 3060 Phoenix V2 12G LHR,4.0,GeForce RTX 3060,12 GB,318.14,ASUS,177 mm,2.5,1.0,0.0,1.0,3.0,0.0,0.0,1807 MHz,15000 MHz,,170 W,https://www.pc-kombo.com/us/product/gpu/4711081310129_ASUS%20GeForce%20RTX%203060%20Phoenix%20V2%2012G%20LHR
75,Gigabyte GeForce RTX 3060 Ti Gaming OC,4.0,GeForce RTX 3060 Ti,8 GB,599.99,Gigabyte,282 mm,2.0,1.0,0.0,2.0,2.0,0.0,0.0,0 MHz,14000 MHz,G-Sync,230 W,https://www.pc-kombo.com/us/product/gpu/4719331307752_Gigabyte%20GeForce%20RTX%203060%20Ti%20Gaming%20OC
76,ZOTAC GAMING GeForce RTX 3060 Ti Twin Edge,4.0,GeForce RTX 3060 Ti,8 GB,439.99,ZOTAC,223 mm,2.0,1.0,0.0,1.0,3.0,0.0,0.0,1665 MHz,14000 MHz,G-Sync,200 W,https://www.pc-kombo.com/us/product/gpu/4895173622502_ZOTAC%20GAMING%20GeForce%20RTX%203060%20Ti%20Twin%20Edge
77,ZOTAC GAMING GeForce RTX 3060 Ti Twin Edge OC,4.0,GeForce RTX 3060 Ti,8 GB,629.99,ZOTAC,223 mm,2.0,1.0,0.0,1.0,3.0,0.0,0.0,1695 MHz,14000 MHz,G-Sync,200 W,https://www.pc-kombo.com/us/product/gpu/4895173622519_ZOTAC%20GAMING%20GeForce%20RTX%203060%20Ti%20Twin%20Edge%20OC
78,EVGA RTX 3070 XC3 Black Gaming,4.0,GeForce RTX 3070,8 GB,599.99,EVGA,286 mm,2.5,2.0,0.0,1.0,3.0,0.0,0.0,1725 MHz,14000 MHz,G-Sync,220 W,https://www.pc-kombo.com/us/product/gpu/4250812438515_EVGA%20RTX%203070%20XC3%20Black%20Gaming
79,EVGA RTX 3070 FTW3 Ultra,4.0,GeForce RTX 3070,8 GB,679.99,EVGA,300 mm,2.75,2.0,0.0,1.0,3.0,0.0,0.0,1815 MHz,14000 MHz,G-Sync,220 W,https://www.pc-kombo.com/us/product/gpu/4250812438478_EVGA%20RTX%203070%20FTW3%20Ultra
80,Gigabyte Aorus GeForce RTX 3070 Master 8G LHR,4.0,GeForce RTX 3070,8 GB,619.99,Gigabyte,290 mm,3.0,2.0,0.0,3.0,3.0,0.0,0.0,0 MHz,14000 MHz,,220 W,https://www.pc-kombo.com/us/product/gpu/4719331309534_Gigabyte%20Aorus%20GeForce%20RTX%203070%20Master%208G%20LHR
81,EVGA GeForce RTX 3070 Ti XC3 Ultra Gaming LHR,4.0,GeForce RTX 3070 Ti,8 GB,669.99,EVGA,285.37 mm,2.2,2.0,0.0,1.0,3.0,0.0,0.0,1815 MHz,19000 MHz,,290 W,https://www.pc-kombo.com/us/product/gpu/4250812443403_EVGA%20GeForce%20RTX%203070%20Ti%20XC3%20Ultra%20Gaming%20LHR
82,EVGA GeForce RTX 3070 Ti FTW3 Ultra Gaming LHR,4.0,GeForce RTX 3070 Ti,8 GB,679.99,EVGA,300 mm,2.75,2.0,0.0,1.0,3.0,0.0,0.0,1860 MHz,19000 MHz,,290 W,https://www.pc-kombo.com/us/product/gpu/4250812443380_EVGA%20GeForce%20RTX%203070%20Ti%20FTW3%20Ultra%20Gaming%20LHR
83,Gigabyte GeForce RTX 3070 Ti Gaming OC 8G LHR,4.0,GeForce RTX 3070 Ti,8 GB,649.99,Gigabyte,320 mm,2.75,2.0,0.0,2.0,2.0,0.0,0.0,1830 MHz,19000 MHz,,290 W,https://www.pc-kombo.com/us/product/gpu/4719331309220_Gigabyte%20GeForce%20RTX%203070%20Ti%20Gaming%20OC%208G%20LHR
84,Gigabyte GeForce RTX 3080 Gaming OC 1,4.0,GeForce RTX 3080,10 GB,971.99,Gigabyte,320 mm,,2.0,0.0,2.0,3.0,0.0,0.0,1800 MHz,19000 MHz,,320 W,https://www.pc-kombo.com/us/product/gpu/4719331307530_Gigabyte%20GeForce%20RTX%203080%20Gaming%20OC%201
85,Gigabyte GeForce RTX 3080 Eagle OC 1,4.0,GeForce RTX 3080,10 GB,1049.99,Gigabyte,320 mm,,2.0,0.0,2.0,3.0,0.0,0.0,1755 MHz,19000 MHz,,320 W,https://www.pc-kombo.com/us/product/gpu/4719331307554_Gigabyte%20GeForce%20RTX%203080%20Eagle%20OC%201
86,EVGA GeForce RTX 3080 XC3 Gaming,4.0,GeForce RTX 3080,10 GB,819.99,EVGA,285.37 mm,2.5,2.0,0.0,1.0,3.0,0.0,0.0,1710 MHz,19000 MHz,,320 W,https://www.pc-kombo.com/us/product/gpu/4250812438317_EVGA%20GeForce%20RTX%203080%20XC3%20Gaming
87,ZOTAC GAMING GeForce RTX 3080 Trinity OC LHR,4.0,GeForce RTX 3080 (12GB),12 GB,1115.54,ZOTAC,317.8 mm,3.0,2.0,0.0,1.0,3.0,0.0,0.0,0 MHz,19000 MHz,,350 W,https://www.pc-kombo.com/us/product/gpu/4895173624667_ZOTAC%20GAMING%20GeForce%20RTX%203080%20Trinity%20OC%20LHR
88,Gigabyte GeForce RTX 3080 Gaming OC,4.0,GeForce RTX 3080 (12GB),12 GB,799.99,Gigabyte,320 mm,3.0,2.0,0.0,2.0,3.0,0.0,0.0,0 MHz,19000 MHz,,350 W,https://www.pc-kombo.com/us/product/gpu/4719331310592_Gigabyte%20GeForce%20RTX%203080%20Gaming%20OC
89,Gigabyte GeForce RTX 3080 Eagle,4.0,GeForce RTX 3080 (12GB),12 GB,999.99,Gigabyte,320 mm,3.0,2.0,0.0,2.0,3.0,0.0,0.0,0 MHz,19000 MHz,,350 W,https://www.pc-kombo.com/us/product/gpu/4719331310585_Gigabyte%20GeForce%20RTX%203080%20Eagle
90,EVGA GeForce RTX 3080 Ti FTW3 Ultra Gaming,4.0,GeForce RTX 3080 Ti,12 GB,1419.99,EVGA,300 mm,2.75,3.0,0.0,1.0,3.0,0.0,0.0,1800 MHz,19000 MHz,G-Sync,350 W,https://www.pc-kombo.com/us/product/gpu/4250812442109_EVGA%20GeForce%20RTX%203080%20Ti%20FTW3%20Ultra%20Gaming
91,ZOTAC GAMING GeForce RTX 3080 Ti AMP! Extreme Holo,4.0,GeForce RTX 3080 Ti,12 GB,899.99,ZOTAC,352.9 mm,3.0,3.0,0.0,1.0,3.0,0.0,0.0,1785 MHz,19000 MHz,,400 W,https://www.pc-kombo.com/us/product/gpu/4895173624131_ZOTAC%20GAMING%20GeForce%20RTX%203080%20Ti%20AMP!%20Extreme%20Holo
92,EVGA GeForce RTX 3080 Ti XC3 Ultra Gaming,4.0,GeForce RTX 3080 Ti,12 GB,1149.99,EVGA,285.37 mm,2.2,2.0,0.0,1.0,3.0,0.0,0.0,1725 MHz,19000 MHz,,320 W,https://www.pc-kombo.com/us/product/gpu/4250812442123_EVGA%20GeForce%20RTX%203080%20Ti%20XC3%20Ultra%20Gaming
93,EVGA GeForce RTX 3090 XC3 Ultra Gaming,4.0,GeForce RTX 3090,24 GB,1229.99,EVGA,285.37 mm,2.5,2.0,0.0,1.0,3.0,0.0,0.0,1740 MHz,19500 MHz,,350 W,https://www.pc-kombo.com/us/product/gpu/4250812438195_EVGA%20GeForce%20RTX%203090%20XC3%20Ultra%20Gaming
94,EVGA GeForce RTX 3090 FTW3 Ultra Gaming,4.0,GeForce RTX 3090,24 GB,1249.99,EVGA,300 mm,2.5,3.0,0.0,1.0,3.0,0.0,0.0,1800 MHz,19500 MHz,,350 W,https://www.pc-kombo.com/us/product/gpu/4250812438171_EVGA%20GeForce%20RTX%203090%20FTW3%20Ultra%20Gaming
95,ZOTAC GAMING GeForce RTX 3090 ArcticStorm,4.0,GeForce RTX 3090,24 GB,1249.99,ZOTAC,301 mm,2.0,3.0,0.0,1.0,3.0,0.0,0.0,1695 MHz,19500 MHz,,350 W,https://www.pc-kombo.com/us/product/gpu/4895173623257_ZOTAC%20GAMING%20GeForce%20RTX%203090%20ArcticStorm
96,EVGA GeForce RTX 3090 Ti FTW3,4.0,GeForce RTX 3090 Ti,24 GB,1399.99,EVGA,300 mm,3.5,0.0,0.0,1.0,3.0,0.0,0.0,1890 MHz,0 MHz,,450 W,https://www.pc-kombo.com/us/product/gpu/4250812446336_EVGA%20GeForce%20RTX%203090%20Ti%20FTW3
97,ZOTAC GAMING GeForce RTX 3090 Ti AMP! Extreme Holo,4.0,GeForce RTX 3090 Ti,24 GB,1239.99,ZOTAC,355.9 mm,3.5,0.0,0.0,1.0,3.0,0.0,0.0,1890 MHz,0 MHz,,450 W,https://www.pc-kombo.com/us/product/gpu/4895173624957_ZOTAC%20GAMING%20GeForce%20RTX%203090%20Ti%20AMP!%20Extreme%20Holo
98,EVGA GeForce RTX 3090 Ti FTW3 Ultra,4.0,GeForce RTX 3090 Ti,24 GB,1999.99,EVGA,300 mm,3.5,3.0,0.0,1.0,3.0,0.0,0.0,1920 MHz,0 MHz,,450 W,https://www.pc-kombo.com/us/product/gpu/4250812445476_EVGA%20GeForce%20RTX%203090%20Ti%20FTW3%20Ultra
99,MSI GeForce RTX 4060 Gaming X,4.0,GeForce RTX 4060 (8GB),8 GB,329.99,MSI,247 mm,2.5,1.0,0.0,1.0,3.0,0.0,0.0,2595 MHz,17000 MHz,G-Sync,115 W,https://www.pc-kombo.com/us/product/gpu/4711377115476_MSI%20GeForce%20RTX%204060%20Gaming%20X
100,MSI GeForce RTX 4060 Ventus 2X Black 8G OC,4.0,GeForce RTX 4060 (8GB),8 GB,360.56,MSI,199 mm,2.0,1.0,0.0,1.0,3.0,0.0,0.0,2490 MHz,17000 MHz,G-Sync,115 W,https://www.pc-kombo.com/us/product/gpu/4711377115421_MSI%20GeForce%20RTX%204060%20Ventus%202X%20Black%208G%20OC
101,GIGABYTE GeForce RTX 4060 Ti Gaming OC,4.0,GeForce RTX 4060 Ti (16GB),16 GB,489.99,Gigabyte,281 mm,2.5,1.0,0.0,2.0,2.0,0.0,0.0,2595 MHz,18000 MHz,G-Sync,160 W,https://www.pc-kombo.com/us/product/gpu/4719331314330_GIGABYTE%20GeForce%20RTX%204060%20Ti%20Gaming%20OC
102,GIGABYTE GeForce RTX 4060 Ti Aero OC,4.0,GeForce RTX 4060 Ti (16GB),16 GB,509.99,Gigabyte,281 mm,2.5,1.0,0.0,2.0,2.0,0.0,0.0,2580 MHz,18000 MHz,G-Sync,160 W,https://www.pc-kombo.com/us/product/gpu/4719331314347_GIGABYTE%20GeForce%20RTX%204060%20Ti%20Aero%20OC
103,GIGABYTE Aorus GeForce RTX 4060 Ti Elite,4.0,GeForce RTX 4060 Ti (8GB),8 GB,429.99,Gigabyte,301 mm,2.75,1.0,0.0,2.0,2.0,0.0,0.0,2655 MHz,18000 MHz,G-Sync,160 W,https://www.pc-kombo.com/us/product/gpu/4719331313395_GIGABYTE%20Aorus%20GeForce%20RTX%204060%20Ti%20Elite
104,MSI GeForce RTX 4060 Ti Gaming X,4.0,GeForce RTX 4060 Ti (8GB),8 GB,429.99,MSI,247 mm,2.0,1.0,0.0,1.0,3.0,0.0,0.0,2640 MHz,18000 MHz,G-Sync,160 W,https://www.pc-kombo.com/us/product/gpu/4711377102544_MSI%20GeForce%20RTX%204060%20Ti%20Gaming%20X
105,GIGABYTE GeForce RTX 4060 Ti Eagle OC,4.0,GeForce RTX 4060 Ti (8GB),8 GB,399.99,Gigabyte,272 mm,2.0,1.0,0.0,2.0,2.0,0.0,0.0,2550 MHz,18000 MHz,G-Sync,160 W,https://www.pc-kombo.com/us/product/gpu/4719331313418_GIGABYTE%20GeForce%20RTX%204060%20Ti%20Eagle%20OC
106,GIGABYTE GeForce RTX 4070 Gaming OC,4.0,GeForce RTX 4070,12 GB,629.99,Gigabyte,300 mm,3.0,0.0,0.0,1.0,3.0,0.0,0.0,2565 MHz,21000 MHz,G-Sync,200 W,https://www.pc-kombo.com/us/product/gpu/4719331312947_GIGABYTE%20GeForce%20RTX%204070%20Gaming%20OC
107,MSI GeForce RTX 4070 Ventus 3X 12G OC,4.0,GeForce RTX 4070,12 GB,599.99,MSI,308 mm,2.25,1.0,0.0,1.0,3.0,0.0,0.0,2505 MHz,21000 MHz,G-Sync,200 W,https://www.pc-kombo.com/us/product/gpu/4711377087810_MSI%20GeForce%20RTX%204070%20Ventus%203X%2012G%20OC
108,GIGABYTE GeForce RTX 4070 Aero OC,4.0,GeForce RTX 4070,12 GB,669.99,Gigabyte,300 mm,3.0,0.0,0.0,1.0,3.0,0.0,0.0,0 MHz,21000 MHz,G-Sync,200 W,https://www.pc-kombo.com/us/product/gpu/4719331312992_GIGABYTE%20GeForce%20RTX%204070%20Aero%20OC
109,GIGABYTE Aorus GeForce RTX 4070 Ti Master,4.0,GeForce RTX 4070 Ti,12 GB,939.99,Gigabyte,342 mm,3.0,0.0,0.0,1.0,3.0,0.0,0.0,2670 MHz,21000 MHz,G-Sync,285 W,https://www.pc-kombo.com/us/product/gpu/4719331312596_GIGABYTE%20Aorus%20GeForce%20RTX%204070%20Ti%20Master
110,MSI GeForce RTX 4070 Ti Suprim X,4.0,GeForce RTX 4070 Ti,12 GB,1171.49,MSI,338 mm,3.5,0.0,0.0,1.0,3.0,0.0,0.0,2790 MHz,21000 MHz,G-Sync,750 W,https://www.pc-kombo.com/us/product/gpu/4711377027304_MSI%20GeForce%20RTX%204070%20Ti%20Suprim%20X
111,GIGABYTE GeForce RTX 4070 Ti Aero OC,4.0,GeForce RTX 4070 Ti,12 GB,899.99,Gigabyte,336 mm,3.0,0.0,0.0,1.0,3.0,0.0,0.0,2640 MHz,21000 MHz,G-Sync,750 W,https://www.pc-kombo.com/us/product/gpu/4719331312619_GIGABYTE%20GeForce%20RTX%204070%20Ti%20Aero%20OC
112,GIGABYTE GeForce RTX 4080 Eagle OC,4.0,GeForce RTX 4080,16 GB,1059.99,Gigabyte,342 mm,3.0,0.0,0.0,1.0,3.0,0.0,0.0,2520 MHz,22400 MHz,G-Sync,320 W,https://www.pc-kombo.com/us/product/gpu/4719331311506_GIGABYTE%20GeForce%20RTX%204080%20Eagle%20OC
113,GIGABYTE GeForce RTX 4080 Eagle,4.0,GeForce RTX 4080,16 GB,1059.99,Gigabyte,342 mm,3.0,0.0,0.0,1.0,3.0,0.0,0.0,2505 MHz,22400 MHz,G-Sync,320 W,https://www.pc-kombo.com/us/product/gpu/4719331311568_GIGABYTE%20GeForce%20RTX%204080%20Eagle
114,GIGABYTE GeForce RTX 4080 Aero OC,4.0,GeForce RTX 4080,16 GB,1209.99,Gigabyte,342 mm,3.5,0.0,0.0,1.0,3.0,0.0,0.0,2535 MHz,22400 MHz,G-Sync,320 W,https://www.pc-kombo.com/us/product/gpu/4719331311513_GIGABYTE%20GeForce%20RTX%204080%20Aero%20OC
115,ASRock Arc A380 Challenger ITX,4.0,Intel Arc A380,6 GB,119.99,ASRock,190 mm,2.0,1.0,0.0,1.0,3.0,0.0,0.0,2250 MHz,1937 MHz,FreeSync,75 W,https://www.pc-kombo.com/us/product/gpu/4710483939365_ASRock%20Arc%20A380%20Challenger%20ITX
116,ASRock Arc A750 Challenger D OC,4.0,Intel Arc A750,8 GB,229.99,ASRock,271 mm,2.0,2.0,0.0,2.0,2.0,0.0,0.0,2250 MHz,2000 MHz,FreeSync,225 W,https://www.pc-kombo.com/us/product/gpu/4710483940316_ASRock%20Arc%20A750%20Challenger%20D%20OC
117,Intel Arc A770 Limited Edition,4.0,Intel Arc A770,16 GB,349.0,Intel,267 mm,2.0,1.0,1.0,1.0,3.0,0.0,0.0,2100 MHz,2187 MHz,FreeSync,225 W,https://www.pc-kombo.com/us/product/gpu/5032037235914_Intel%20Arc%20A770%20Limited%20Edition
118,Asus R7250 1GD5 V2,3.0,Radeon R7 250,1 GB,89.99,ASUS,168 mm,1.0,0.0,0.0,1.0,1.0,1.0,0.0,925 MHz,1125 MHz,,0 W,https://www.pc-kombo.com/us/product/gpu/0889349316832_Asus%20R7250%201GD5%20V2
119,Gigabyte Radeon RX 460 WindForce OC 2G,3.0,Radeon RX 460 (2GB),2 GB,148.74,Gigabyte,216 mm,2.0,0.0,0.0,1.0,1.0,1.0,0.0,1210 MHz,3500 MHz,FreeSync,75 W,https://www.pc-kombo.com/us/product/gpu/4719331330286_Gigabyte%20Radeon%20RX%20460%20WindForce%20OC%202G
120,XFX Radeon RX 460 Single Fan,3.0,Radeon RX 460 (4GB),4 GB,128.17,XFX,238 mm,2.0,0.0,1.0,1.0,1.0,1.0,0.0,1220 MHz,3500 MHz,FreeSync,75 W,https://www.pc-kombo.com/us/product/gpu/0778656072602_XFX%20Radeon%20RX%20460%20Single%20Fan
121,Gigabyte Radeon RX 460 WindForce OC 4G,3.0,Radeon RX 460 (4GB),4 GB,172.31,Gigabyte,191 mm,2.0,0.0,0.0,1.0,1.0,1.0,0.0,1212 MHz,3500 MHz,FreeSync,75 W,https://www.pc-kombo.com/us/product/gpu/4719331330279_Gigabyte%20Radeon%20RX%20460%20WindForce%20OC%204G
122,Asus AREZ PH RX 550 2G,3.0,Radeon RX 550,2 GB,119.99,ASUS,192 mm,2.0,0.0,0.0,1.0,1.0,1.0,0.0,1071 MHz,6000 MHz,FreeSync,50 W,https://www.pc-kombo.com/us/product/gpu/0192876023402_Asus%20AREZ%20PH%20RX%20550%202G
123,Asus RX 550 2G,3.0,Radeon RX 550,2 GB,112.99,ASUS,182 mm,2.0,0.0,0.0,1.0,1.0,1.0,0.0,1183 MHz,7000 MHz,FreeSync,50 W,https://www.pc-kombo.com/us/product/gpu/0889349703557_Asus%20RX%20550%202G
124,Sapphire Pulse Radeon RX 550 4G,3.0,Radeon RX 550,4 GB,99.99,Sapphire,158 mm,2.0,0.0,0.0,0.0,0.0,0.0,0.0,0 MHz,0 MHz,FreeSync,50 W,https://www.pc-kombo.com/us/product/gpu/4895106282148_Sapphire%20Pulse%20Radeon%20RX%20550%204G
125,Gigabyte Radeon RX 5500 XT Gaming OC,4.0,Radeon RX 5500 XT (4GB),4 GB,180.99,Gigabyte,281 mm,2.0,1.0,0.0,1.0,3.0,0.0,0.0,1845 MHz,0 MHz,FreeSync,130 W,https://www.pc-kombo.com/us/product/gpu/4719331306434_Gigabyte%20Radeon%20RX%205500%20XT%20Gaming%20OC
126,Gigabyte Radeon RX 5500 XT OC,4.0,Radeon RX 5500 XT (4GB),4 GB,179.99,Gigabyte,225 mm,2.0,1.0,0.0,1.0,3.0,0.0,0.0,1845 MHz,0 MHz,FreeSync,110 W,https://www.pc-kombo.com/us/product/gpu/4719331306427_Gigabyte%20Radeon%20RX%205500%20XT%20OC
127,Gigabyte Radeon RX 5500 XT Gaming OC,4.0,Radeon RX 5500 XT (8GB),8 GB,175.99,Gigabyte,281 mm,2.0,1.0,0.0,1.0,3.0,0.0,0.0,1845 MHz,0 MHz,FreeSync,130 W,https://www.pc-kombo.com/us/product/gpu/4719331306397_Gigabyte%20Radeon%20RX%205500%20XT%20Gaming%20OC
128,Sapphire Pulse Radeon RX 5500 XT,4.0,Radeon RX 5500 XT (8GB),8 GB,229.99,Sapphire,233 mm,2.0,1.0,0.0,1.0,3.0,0.0,0.0,1845 MHz,0 MHz,FreeSync,140 W,https://www.pc-kombo.com/us/product/gpu/4895106288133_Sapphire%20Pulse%20Radeon%20RX%205500%20XT
129,Gigabyte Radeon RX 5500 XT OC,4.0,Radeon RX 5500 XT (8GB),8 GB,199.99,Gigabyte,225 mm,2.0,1.0,0.0,1.0,3.0,0.0,0.0,1845 MHz,0 MHz,FreeSync,110 W,https://www.pc-kombo.com/us/product/gpu/4719331306380_Gigabyte%20Radeon%20RX%205500%20XT%20OC
130,Asus ROG STRIX RX 560 O4G EVO GAMING,3.0,Radeon RX 560,4 GB,159.99,ASUS,194 mm,2.0,0.0,0.0,1.0,1.0,1.0,0.0,1197 MHz,6000 MHz,FreeSync,90 W,https://www.pc-kombo.com/us/product/gpu/0889349874844_Asus%20ROG%20STRIX%20RX%20560%20O4G%20EVO%20GAMING
131,Asus RX 560 4G,3.0,Radeon RX 560,4 GB,139.99,ASUS,115 mm,2.0,0.0,0.0,1.0,1.0,1.0,0.0,1176 MHz,7000 MHz,FreeSync,90 W,https://www.pc-kombo.com/us/product/gpu/0889349703434_Asus%20RX%20560%204G
132,Asus RX 560 O2G,3.0,Radeon RX 560,2 GB,120.5,ASUS,115 mm,2.0,0.0,0.0,1.0,1.0,1.0,0.0,1187 MHz,7000 MHz,FreeSync,90 W,https://www.pc-kombo.com/us/product/gpu/0889349703533_Asus%20RX%20560%20O2G
133,Gigabyte Radeon RX 5600 XT Gaming OC,4.0,Radeon RX 5600 XT (6GB),6 GB,269.99,Gigabyte,279.85 mm,2.5,1.0,0.0,1.0,3.0,0.0,0.0,1620 MHz,0 MHz,FreeSync,150 W,https://www.pc-kombo.com/us/product/gpu/4719331306441_Gigabyte%20Radeon%20RX%205600%20XT%20Gaming%20OC
134,Sapphire Pulse Radeon RX 5600 XT,4.0,Radeon RX 5600 XT (6GB),6 GB,299.99,Sapphire,254 mm,2.5,1.0,0.0,1.0,3.0,0.0,0.0,1620 MHz,0 MHz,FreeSync,150 W,https://www.pc-kombo.com/us/product/gpu/4895106288249_Sapphire%20Pulse%20Radeon%20RX%205600%20XT
135,Gigabyte Radeon RX 5600 XT Windforce OC,4.0,Radeon RX 5600 XT (6GB),6 GB,246.99,Gigabyte,228 mm,2.0,1.0,0.0,1.0,3.0,0.0,0.0,0 MHz,0 MHz,FreeSync,150 W,https://www.pc-kombo.com/us/product/gpu/4719331306496_Gigabyte%20Radeon%20RX%205600%20XT%20Windforce%20OC
136,PowerColor Radeon RX 570 Red Dragon,3.0,Radeon RX 570 (4GB),4 GB,128.99,PowerColor,255 mm,2.0,1.0,0.0,0.0,0.0,0.0,0.0,1250 MHz,0 MHz,FreeSync,120 W,https://www.pc-kombo.com/us/product/gpu/4715409189084_PowerColor%20Radeon%20RX%20570%20Red%20Dragon
137,Sapphire Nitro+ Radeon RX 570 4G,3.0,Radeon RX 570 (4GB),4 GB,219.99,Sapphire,260 mm,2.0,1.0,0.0,0.0,0.0,0.0,0.0,1340 MHz,0 MHz,FreeSync,120 W,https://www.pc-kombo.com/us/product/gpu/4895106282667_Sapphire%20Nitro+%20Radeon%20RX%20570%204G
138,Sapphire Pulse Radeon RX 570 4G,3.0,Radeon RX 570 (4GB),4 GB,139.99,Sapphire,230 mm,2.0,1.0,0.0,0.0,0.0,0.0,0.0,1284 MHz,0 MHz,FreeSync,120 W,https://www.pc-kombo.com/us/product/gpu/4895106282025_Sapphire%20Pulse%20Radeon%20RX%20570%204G
139,Sapphire Nitro+ Radeon RX 570 8G,3.0,Radeon RX 570 (8GB),8 GB,236.59,Sapphire,260 mm,2.0,1.0,0.0,0.0,0.0,0.0,0.0,1340 MHz,0 MHz,FreeSync,120 W,https://www.pc-kombo.com/us/product/gpu/4895106282179_Sapphire%20Nitro+%20Radeon%20RX%20570%208G
140,ASUS Radeon RX 5700,4.0,Radeon RX 5700,8 GB,389.99,ASUS,270 mm,2.0,1.0,1.0,1.0,3.0,0.0,0.0,1725 MHz,0 MHz,FreeSync,180 W,https://www.pc-kombo.com/us/product/gpu/4718017414838_ASUS%20Radeon%20RX%205700
141,Sapphire Pulse Radeon RX 5700,4.0,Radeon RX 5700,8 GB,339.99,Sapphire,254 mm,2.5,1.0,1.0,1.0,3.0,0.0,0.0,1750 MHz,0 MHz,FreeSync,180 W,https://www.pc-kombo.com/us/product/gpu/4895106287716_Sapphire%20Pulse%20Radeon%20RX%205700
142,Sapphire Radeon RX 5700,4.0,Radeon RX 5700,8 GB,329.99,Sapphire,268 mm,1.0,1.0,1.0,1.0,3.0,0.0,0.0,1725 MHz,0 MHz,FreeSync,180 W,https://www.pc-kombo.com/us/product/gpu/4895106287617_Sapphire%20Radeon%20RX%205700
143,Gigabyte Radeon RX 5700 XT Gaming OC,4.0,Radeon RX 5700 XT,8 GB,389.99,Gigabyte,279.85 mm,2.5,1.0,1.0,1.0,3.0,0.0,0.0,1905 MHz,0 MHz,FreeSync,180 W,https://www.pc-kombo.com/us/product/gpu/4719331305383_Gigabyte%20Radeon%20RX%205700%20XT%20Gaming%20OC
144,Sapphire Pulse Radeon RX 5700 XT,4.0,Radeon RX 5700 XT,8 GB,399.99,Sapphire,254 mm,2.5,1.0,1.0,1.0,3.0,0.0,0.0,1925 MHz,0 MHz,FreeSync,225 W,https://www.pc-kombo.com/us/product/gpu/4895106287693_Sapphire%20Pulse%20Radeon%20RX%205700%20XT
145,Gigabyte Radeon RX 5700 XT,4.0,Radeon RX 5700 XT,8 GB,349.99,Gigabyte,270 mm,2.0,1.0,1.0,1.0,3.0,0.0,0.0,1905 MHz,0 MHz,FreeSync,225 W,https://www.pc-kombo.com/us/product/gpu/4719331305178_Gigabyte%20Radeon%20RX%205700%20XT
146,XFX Radeon RX 580 GTS Core Edition,3.0,Radeon RX 580 (4GB),4 GB,230.27,XFX,270 mm,2.0,1.0,0.0,1.0,3.0,1.0,0.0,1386 MHz,3500 MHz,FreeSync,185 W,https://www.pc-kombo.com/us/product/gpu/0778656074798_XFX%20Radeon%20RX%20580%20GTS%20Core%20Edition
147,Sapphire Pulse Radeon RX 580 4G,3.0,Radeon RX 580 (4GB),4 GB,197.97,Sapphire,230 mm,2.0,1.0,0.0,2.0,2.0,1.0,0.0,0 MHz,7000 MHz,FreeSync,185 W,https://www.pc-kombo.com/us/product/gpu/4895106281943_Sapphire%20Pulse%20Radeon%20RX%20580%204G
148,Gigabyte Radeon RX 580 Aorus 4G,3.0,Radeon RX 580 (4GB),4 GB,229.99,Gigabyte,232 mm,2.0,1.0,0.0,1.0,3.0,1.0,0.0,1365 MHz,7000 MHz,FreeSync,185 W,https://www.pc-kombo.com/us/product/gpu/4719331301361_Gigabyte%20Radeon%20RX%20580%20Aorus%204G
149,Gigabyte Radeon RX 580 Aorus 8G,3.0,Radeon RX 580 (8GB),8 GB,299.99,Gigabyte,232 mm,2.0,1.0,0.0,1.0,3.0,1.0,0.0,1365 MHz,8000 MHz,FreeSync,185 W,https://www.pc-kombo.com/us/product/gpu/4719331301354_Gigabyte%20Radeon%20RX%20580%20Aorus%208G
150,Sapphire Pulse Radeon RX 580 8G,3.0,Radeon RX 580 (8GB),8 GB,239.99,Sapphire,230 mm,2.0,1.0,0.0,2.0,2.0,1.0,0.0,1366 MHz,8000 MHz,FreeSync,185 W,https://www.pc-kombo.com/us/product/gpu/4895106281905_Sapphire%20Pulse%20Radeon%20RX%20580%208G
151,Gigabyte Radeon RX 580 Gaming 8G,3.0,Radeon RX 580 (8GB),8 GB,152.84,Gigabyte,232 mm,2.0,1.0,0.0,1.0,3.0,1.0,0.0,1340 MHz,8000 MHz,FreeSync,185 W,https://www.pc-kombo.com/us/product/gpu/4719331301439_Gigabyte%20Radeon%20RX%20580%20Gaming%208G
152,Sapphire Nitro+ Radeon RX 590 8G Special Edition,3.0,Radeon RX 590,8 GB,209.99,Sapphire,260 mm,2.0,1.0,1.0,2.0,2.0,1.0,0.0,1560 MHz,8400 MHz,FreeSync,175 W,https://www.pc-kombo.com/us/product/gpu/4895106286276_Sapphire%20Nitro+%20Radeon%20RX%20590%208G%20Special%20Edition
153,Sapphire Nitro+ Radeon RX 590 8G 50th Anniversary,3.0,Radeon RX 590,8 GB,235.84,Sapphire,260 mm,2.0,1.0,1.0,2.0,2.0,1.0,0.0,1560 MHz,8000 MHz,FreeSync,235 W,https://www.pc-kombo.com/us/product/gpu/4895106287259_Sapphire%20Nitro+%20Radeon%20RX%20590%208G%2050th%20Anniversary
154,Gigabyte Radeon RX 590 Gaming 8G (Rev. 2.0),3.0,Radeon RX 590,8 GB,142.99,Gigabyte,232 mm,2.0,1.0,0.0,1.0,3.0,0.0,0.0,1545 MHz,8000 MHz,FreeSync,175 W,https://www.pc-kombo.com/us/product/gpu/4719331305772_Gigabyte%20Radeon%20RX%20590%20Gaming%208G%20(Rev.%202.0)
155,Gigabyte Radeon RX 6400 D6 Low Profile,3.0,Radeon RX 6400,4 GB,149.99,Gigabyte,182 mm,2.0,0.0,0.0,1.0,1.0,0.0,0.0,2321 MHz,0 MHz,,53 W,https://www.pc-kombo.com/us/product/gpu/4719331310530_Gigabyte%20Radeon%20RX%206400%20D6%20Low%20Profile
156,MSI Radeon RX 6400 Aero ITX,3.0,Radeon RX 6400,4 GB,149.99,MSI,172 mm,2.0,0.0,0.0,1.0,1.0,0.0,0.0,2321 MHz,0 MHz,,53 W,https://www.pc-kombo.com/us/product/gpu/4719072946920_MSI%20Radeon%20RX%206400%20Aero%20ITX
157,Gigabyte Radeon RX 6400 Eagle,4.0,Radeon RX 6400,4 GB,149.99,Gigabyte,192 mm,2.0,0.0,0.0,1.0,1.0,0.0,0.0,2321 MHz,0 MHz,,53 W,https://www.pc-kombo.com/us/product/gpu/4719331310547_Gigabyte%20Radeon%20RX%206400%20Eagle
158,Gigabyte Radeon RX 6500 XT Eagle,4.0,Radeon RX 6500 XT (4GB),4 GB,169.99,Gigabyte,192 mm,2.0,0.0,1.0,1.0,1.0,0.0,0.0,2815 MHz,0 MHz,,107 W,https://www.pc-kombo.com/us/product/gpu/4719331310554_Gigabyte%20Radeon%20RX%206500%20XT%20Eagle
159,Gigabyte Radeon RX 6500 XT Gaming OC,4.0,Radeon RX 6500 XT (4GB),4 GB,162.99,Gigabyte,282 mm,2.0,0.0,1.0,1.0,1.0,0.0,0.0,2825 MHz,0 MHz,,107 W,https://www.pc-kombo.com/us/product/gpu/4719331310561_Gigabyte%20Radeon%20RX%206500%20XT%20Gaming%20OC
160,MSI Radeon RX 6500 XT Mech 2X OC,4.0,Radeon RX 6500 XT (4GB),4 GB,164.99,MSI,172 mm,2.0,0.0,1.0,1.0,1.0,0.0,0.0,2825 MHz,0 MHz,,107 W,https://www.pc-kombo.com/us/product/gpu/4719072929985_MSI%20Radeon%20RX%206500%20XT%20Mech%202X%20OC
161,Gigabyte Radeon RX 6600 Eagle,4.0,Radeon RX 6600,8 GB,239.99,Gigabyte,282 mm,2.0,1.0,0.0,2.0,2.0,0.0,0.0,2491 MHz,0 MHz,,132 W,https://www.pc-kombo.com/us/product/gpu/4719331309923_Gigabyte%20Radeon%20RX%206600%20Eagle
162,Sapphire Pulse Radeon RX 6600 Gaming,4.0,Radeon RX 6600,8 GB,279.99,SAPPHIRE,193 mm,2.5,1.0,0.0,1.0,3.0,0.0,0.0,2044 MHz,0 MHz,,132 W,https://www.pc-kombo.com/us/product/gpu/4895106290662_Sapphire%20Pulse%20Radeon%20RX%206600%20Gaming
163,MSI Radeon RX 6600 Mech 2X,4.0,Radeon RX 6600,8 GB,269.99,MSI,235 mm,2.3,1.0,0.0,1.0,3.0,0.0,0.0,2491 MHz,0 MHz,,132 W,https://www.pc-kombo.com/us/product/gpu/4719072882938_MSI%20Radeon%20RX%206600%20Mech%202X
164,ASUS Radeon RX 6600 XT ROG Strix OC,4.0,Radeon RX 6600 XT,8 GB,629.55,ASUS,243 mm,2.5,1.0,0.0,1.0,3.0,0.0,0.0,0 MHz,16000 MHz,FreeSync,160 W,https://www.pc-kombo.com/us/product/gpu/4711081332770_ASUS%20Radeon%20RX%206600%20XT%20ROG%20Strix%20OC
165,Gigabyte Radeon RX 6600 XT Eagle,4.0,Radeon RX 6600 XT,8 GB,474.99,Gigabyte,282 mm,2.0,1.0,0.0,2.0,2.0,0.0,0.0,0 MHz,16000 MHz,FreeSync,160 W,https://www.pc-kombo.com/us/product/gpu/4719331309749_Gigabyte%20Radeon%20RX%206600%20XT%20Eagle
166,Gigabyte Radeon RX 6600 XT Gaming OC,4.0,Radeon RX 6600 XT,8 GB,549.99,Gigabyte,282 mm,3.0,1.0,0.0,2.0,2.0,0.0,0.0,0 MHz,16000 MHz,FreeSync,160 W,https://www.pc-kombo.com/us/product/gpu/4719331309732_Gigabyte%20Radeon%20RX%206600%20XT%20Gaming%20OC
167,Gigabyte Radeon RX 6650 XT Eagle,4.0,Radeon RX 6650 XT,8 GB,379.99,Gigabyte,282 mm,2.0,1.0,0.0,3.0,1.0,0.0,0.0,2635 MHz,0 MHz,,180 W,https://www.pc-kombo.com/us/product/gpu/4719331310837_Gigabyte%20Radeon%20RX%206650%20XT%20Eagle
168,MSI Radeon RX 6650 XT Gaming X,4.0,Radeon RX 6650 XT,8 GB,360.55,MSI,278 mm,2.5,1.0,0.0,3.0,1.0,0.0,0.0,2694 MHz,0 MHz,,180 W,https://www.pc-kombo.com/us/product/gpu/4719072965433_MSI%20Radeon%20RX%206650%20XT%20Gaming%20X
169,MSI Radeon RX 6650 XT Mech 2X 8G OC,4.0,Radeon RX 6650 XT,8 GB,279.99,MSI,235 mm,2.5,1.0,0.0,3.0,1.0,0.0,0.0,2635 MHz,0 MHz,,180 W,https://www.pc-kombo.com/us/product/gpu/4719072965440_MSI%20Radeon%20RX%206650%20XT%20Mech%202X%208G%20OC
170,Gigabyte Radeon RX 6700 XT Eagle,4.0,Radeon RX 6700 XT,12 GB,369.99,Gigabyte,282 mm,2.0,1.0,1.0,2.0,2.0,0.0,0.0,2581 MHz,8000 MHz,FreeSync,230 W,https://www.pc-kombo.com/us/product/gpu/4719331308629_Gigabyte%20Radeon%20RX%206700%20XT%20Eagle
171,MSI Radeon RX 6700 XT Mech 2X OC,4.0,Radeon RX 6700 XT,12 GB,370.99,MSI,247 mm,2.5,2.0,0.0,1.0,3.0,0.0,0.0,2620 MHz,8000 MHz,FreeSync,230 W,https://www.pc-kombo.com/us/product/gpu/4719072806613_MSI%20Radeon%20RX%206700%20XT%20Mech%202X%20OC
172,MSI Radeon RX 6700 XT Mech 2X,4.0,Radeon RX 6700 XT,12 GB,369.99,MSI,247 mm,2.5,2.0,0.0,1.0,3.0,0.0,0.0,2581 MHz,0 MHz,,230 W,https://www.pc-kombo.com/us/product/gpu/4719072806620_MSI%20Radeon%20RX%206700%20XT%20Mech%202X
173,MSI Radeon RX 6750 XT Gaming X Trio,4.0,Radeon RX 6750 XT,12 GB,559.99,MSI,327 mm,2.7,2.0,0.0,1.0,3.0,0.0,0.0,2618 MHz,0 MHz,,250 W,https://www.pc-kombo.com/us/product/gpu/4719072961510_MSI%20Radeon%20RX%206750%20XT%20Gaming%20X%20Trio
174,MSI Radeon RX 6750 XT Mech 2X 12G OC,4.0,Radeon RX 6750 XT,12 GB,414.99,MSI,249 mm,2.7,2.0,0.0,1.0,3.0,0.0,0.0,2618 MHz,0 MHz,,250 W,https://www.pc-kombo.com/us/product/gpu/4719072961527_MSI%20Radeon%20RX%206750%20XT%20Mech%202X%2012G%20OC
175,Gigabyte Radeon RX 6800 Gaming OC,4.0,Radeon RX 6800,16 GB,449.99,Gigabyte,286 mm,3.0,2.0,0.0,2.0,2.0,0.0,0.0,2155 MHz,0 MHz,,250 W,https://www.pc-kombo.com/us/product/gpu/4719331307936_Gigabyte%20Radeon%20RX%206800%20Gaming%20OC
176,Gigabyte Aorus Radeon RX 6800 Master,4.0,Radeon RX 6800,16 GB,1124.99,Gigabyte,300 mm,3.0,2.0,0.0,2.0,2.0,0.0,0.0,2190 MHz,0 MHz,,250 W,https://www.pc-kombo.com/us/product/gpu/4719331307929_Gigabyte%20Aorus%20Radeon%20RX%206800%20Master
177,Gigabyte Radeon RX 6800 XT Gaming OC,4.0,Radeon RX 6800 XT,16 GB,569.99,Gigabyte,286 mm,3.0,2.0,0.0,2.0,2.0,0.0,0.0,2285 MHz,0 MHz,,300 W,https://www.pc-kombo.com/us/product/gpu/4719331307998_Gigabyte%20Radeon%20RX%206800%20XT%20Gaming%20OC
178,Gigabyte Aorus Radeon RX 6800 XT Master,4.0,Radeon RX 6800 XT,16 GB,1277.99,Gigabyte,324 mm,3.0,2.0,0.0,2.0,2.0,0.0,0.0,2310 MHz,0 MHz,,300 W,https://www.pc-kombo.com/us/product/gpu/4719331307981_Gigabyte%20Aorus%20Radeon%20RX%206800%20XT%20Master
179,MSI Radeon RX 6800 XT Gaming Z Trio,4.0,Radeon RX 6800 XT,16 GB,649.99,MSI,324 mm,2.75,3.0,0.0,1.0,3.0,0.0,0.0,2310 MHz,0 MHz,,300 W,https://www.pc-kombo.com/us/product/gpu/4719072816186_MSI%20Radeon%20RX%206800%20XT%20Gaming%20Z%20Trio
180,Sapphire Toxic Radeon RX 6900 XT AIO Cooled,4.0,Radeon RX 6900 XT,16 GB,1403.99,SAPPHIRE,270 mm,2.5,2.0,1.0,1.0,3.0,0.0,0.0,2365 MHz,0 MHz,,0 W,https://www.pc-kombo.com/us/product/gpu/4895106291928_Sapphire%20Toxic%20Radeon%20RX%206900%20XT%20AIO%20Cooled
181,Gigabyte Radeon RX 6900 XT Gaming OC,4.0,Radeon RX 6900 XT,16 GB,1249.99,Gigabyte,286 mm,3.0,3.0,0.0,2.0,2.0,0.0,0.0,2285 MHz,0 MHz,,300 W,https://www.pc-kombo.com/us/product/gpu/4719331308407_Gigabyte%20Radeon%20RX%206900%20XT%20Gaming%20OC
182,MSI Radeon RX 6950 XT Gaming X Trio,4.0,Radeon RX 6950 XT,16 GB,799.99,MSI,325 mm,3.0,3.0,0.0,1.0,3.0,0.0,0.0,2454 MHz,0 MHz,,340 W,https://www.pc-kombo.com/us/product/gpu/4719072964573_MSI%20Radeon%20RX%206950%20XT%20Gaming%20X%20Trio
183,ASRock Radeon RX 7600 Phantom Gaming 8GO,4.0,Radeon RX 7600,8 GB,259.99,ASRock,305 mm,2.5,1.0,0.0,1.0,3.0,0.0,0.0,2755 MHz,18000 MHz,FreeSync,165 W,https://www.pc-kombo.com/us/product/gpu/4710483943133_ASRock%20Radeon%20RX%207600%20Phantom%20Gaming%208GO
184,GIGABYTE Radeon RX 7600 Gaming OC,4.0,Radeon RX 7600,8 GB,259.99,Gigabyte,282 mm,2.0,1.0,0.0,2.0,2.0,0.0,0.0,0 MHz,18000 MHz,FreeSync,165 W,https://www.pc-kombo.com/us/product/gpu/4719331313425_GIGABYTE%20Radeon%20RX%207600%20Gaming%20OC
185,Sapphire Pulse Radeon RX 7600 Gaming,4.0,Radeon RX 7600,8 GB,269.99,SAPPHIRE,240 mm,2.0,1.0,0.0,1.0,3.0,0.0,0.0,2754 MHz,18000 MHz,FreeSync,165 W,https://www.pc-kombo.com/us/product/gpu/4895106293618_Sapphire%20Pulse%20Radeon%20RX%207600%20Gaming
186,GIGABYTE Radeon RX 7700 XT Gaming OC,4.0,Radeon RX 7700 XT,12 GB,439.99,Gigabyte,302 mm,2.5,2.0,0.0,2.0,2.0,0.0,0.0,2599 MHz,18000 MHz,FreeSync,245 W,https://www.pc-kombo.com/us/product/gpu/4719331314446_GIGABYTE%20Radeon%20RX%207700%20XT%20Gaming%20OC
187,ASRock Radeon RX 7700 XT Challenger 12GO,4.0,Radeon RX 7700 XT,12 GB,449.99,ASRock,266 mm,2.5,2.0,0.0,1.0,3.0,0.0,0.0,2854 MHz,18000 MHz,FreeSync,245 W,https://www.pc-kombo.com/us/product/gpu/4710483943638_ASRock%20Radeon%20RX%207700%20XT%20Challenger%2012GO
188,ASRock Radeon RX 7800 XT Challenger 16GO,4.0,Radeon RX 7800 XT,16 GB,499.99,ASRock,267 mm,2.5,2.0,0.0,1.0,3.0,0.0,0.0,2475 MHz,19500 MHz,FreeSync,263 W,https://www.pc-kombo.com/us/product/gpu/4710483943683_ASRock%20Radeon%20RX%207800%20XT%20Challenger%2016GO
189,ASRock Radeon RX 7800 XT Phantom Gaming 16GO,4.0,Radeon RX 7800 XT,16 GB,529.99,ASRock,328 mm,2.5,2.0,0.0,1.0,3.0,0.0,0.0,2565 MHz,19500 MHz,FreeSync,263 W,https://www.pc-kombo.com/us/product/gpu/4710483943669_ASRock%20Radeon%20RX%207800%20XT%20Phantom%20Gaming%2016GO
190,ASRock Radeon RX 7800 XT Steel Legend 16GO,4.0,Radeon RX 7800 XT,16 GB,559.89,ASRock,304 mm,3.0,2.0,0.0,1.0,3.0,0.0,0.0,2520 MHz,19500 MHz,FreeSync,263 W,https://www.pc-kombo.com/us/product/gpu/4710483943676_ASRock%20Radeon%20RX%207800%20XT%20Steel%20Legend%2016GO
191,GIGABYTE Radeon RX 7900 XT Gaming OC,4.0,Radeon RX 7900 XT,20 GB,899.99,Gigabyte,331 mm,2.5,2.0,0.0,2.0,2.0,0.0,0.0,2535 MHz,20000 MHz,FreeSync,320 W,https://www.pc-kombo.com/us/product/gpu/4719331312367_GIGABYTE%20Radeon%20RX%207900%20XT%20Gaming%20OC
192,GIGABYTE Radeon RX 7900 XTX Gaming OC,4.0,Radeon RX 7900 XTX,24 GB,1049.99,Gigabyte,331 mm,2.5,2.0,0.0,2.0,2.0,0.0,0.0,2525 MHz,20000 MHz,FreeSync,355 W,https://www.pc-kombo.com/us/product/gpu/4719331312626_GIGABYTE%20Radeon%20RX%207900%20XTX%20Gaming%20OC
193,Sapphire Nitro+ Radeon RX Vega 56,3.0,Radeon RX Vega 56,8 GB,599.99,Sapphire,316 mm,3.0,2.0,0.0,2.0,2.0,0.0,0.0,1550 MHz,800 MHz,FreeSync,250 W,https://www.pc-kombo.com/us/product/gpu/4895106284401_Sapphire%20Nitro+%20Radeon%20RX%20Vega%2056
194,Sapphire Pulse Radeon RX Vega 56,3.0,Radeon RX Vega 56,8 GB,369.0,Sapphire,282 mm,2.5,2.0,0.0,1.0,3.0,0.0,0.0,1512 MHz,0 MHz,FreeSync,250 W,https://www.pc-kombo.com/us/product/gpu/4895106284593_Sapphire%20Pulse%20Radeon%20RX%20Vega%2056
195,Gigabyte Radeon RX Vega 56 Gaming OC,3.0,Radeon RX Vega 56,8 GB,219.99,Gigabyte,273.8 mm,2.5,2.0,0.0,3.0,3.0,0.0,0.0,1501 MHz,800 MHz,FreeSync,250 W,https://www.pc-kombo.com/us/product/gpu/4719331302924_Gigabyte%20Radeon%20RX%20Vega%2056%20Gaming%20OC
196,Gigabyte Radeon RX Vega 64 8G,3.0,Radeon RX Vega 64,8 GB,661.57,Gigabyte,283 mm,2.0,2.0,0.0,0.0,0.0,0.0,0.0,0 MHz,1890 MHz,FreeSync,300 W,https://www.pc-kombo.com/us/product/gpu/4719331302559_Gigabyte%20Radeon%20RX%20Vega%2064%208G
197,Sapphire Nitro+ Radeon RX Vega 64,3.0,Radeon RX Vega 64,8 GB,826.06,Sapphire,310 mm,3.0,2.0,0.0,1.0,1.0,0.0,0.0,1580 MHz,945 MHz,FreeSync,300 W,https://www.pc-kombo.com/us/product/gpu/4895106285057_Sapphire%20Nitro+%20Radeon%20RX%20Vega%2064
198,Gigabyte Radeon RX Vega 64 Gaming OC,3.0,Radeon RX Vega 64,8 GB,370.99,Gigabyte,273.8 mm,2.5,2.0,0.0,3.0,3.0,0.0,0.0,1560 MHz,945 MHz,FreeSync,300 W,https://www.pc-kombo.com/us/product/gpu/4719331302771_Gigabyte%20Radeon%20RX%20Vega%2064%20Gaming%20OC
199,Sapphire Radeon VII,3.0,Radeon VII,16 GB,699.99,Sapphire,280 mm,2.0,2.0,0.0,1.0,1.0,0.0,0.0,1750 MHz,2000 MHz,FreeSync,300 W,https://www.pc-kombo.com/us/product/gpu/4895106286931_Sapphire%20Radeon%20VII
200,ASRock Radeon VII,3.0,Radeon VII,16 GB,617.99,ASRock,280 mm,2.0,2.0,0.0,1.0,1.0,0.0,0.0,1750 MHz,2000 MHz,FreeSync,300 W,https://www.pc-kombo.com/us/product/gpu/4717677338119_ASRock%20Radeon%20VII
201,PowerColor Radeon VII,3.0,Radeon VII,16 GB,699.99,PowerColor,280 mm,2.0,2.0,0.0,1.0,3.0,0.0,0.0,1750 MHz,2000 MHz,FreeSync,300 W,https://www.pc-kombo.com/us/product/gpu/4713436171461_PowerColor%20Radeon%20VII