#,name,size,memory_type,price,producer,clock,timings,sticks,url
548,Corsair Dominator Platinum Series — 16GB,16 GB,DDR3,89.99,Corsair,3000,12-14-14-36,4,https://www.pc-kombo.com/us/product/ram/0843591052160_Corsair%20Dominator%20Platinum%20Series%20—%2016GB
1364,G.Skill Trident Z DDR4-3600 16GB,16 GB,DDR4,42.99,G.Skill,3600,17-18-18-38-2N,4,https://www.pc-kombo.com/us/product/ram/0848354015642_G.Skill%20Trident%20Z%20DDR4-3600%2016GB
698,Corsair Vengeance LED red DDR4-3400  CL16,32 GB,DDR4,104.99,Corsair,3400,,4,https://www.pc-kombo.com/us/product/ram/0843591092029_Corsair%20Vengeance%20LED%20Rot%20DDR4-3400%20%20CL16
1296,G.Skill Trident Z DDR4-3200 128GB,128 GB,DDR4,1000.98,G.Skill,3200,14-14-14-34-2N,8,https://www.pc-kombo.com/us/product/ram/0848354022695_G.Skill%20Trident%20Z%20DDR4-3200%20128GB
1110,G.Skill Ripjaws 4 DDR4-2133 64GB,64 GB,DDR4,499.99,G.Skill,2133,15-15-15-35-2N,8,https://www.pc-kombo.com/us/product/ram/0848354011873_G.Skill%20Ripjaws%204%20DDR4-2133%2064GB
837,Corsair Vengeance RGB Pro Series black,16 GB,DDR4,69.98,Corsair,3200,16-18-18-36,2,https://www.pc-kombo.com/us/product/ram/0000000000000_Corsair%20Vengeance%20RGB%20Pro%20Series%20schwarz
1337,G.Skill Trident Z DDR4-3333 16GB,16 GB,DDR4,42.99,G.Skill,3333,16-18-18-38-2N,2,https://www.pc-kombo.com/us/product/ram/0848354023029_G.Skill%20Trident%20Z%20DDR4-3333%2016GB
1355,G.Skill Trident Z DDR4-3466 16GB,16 GB,DDR4,42.99,G.Skill,3466,16-18-18-38-2N,4,https://www.pc-kombo.com/us/product/ram/0848354015581_G.Skill%20Trident%20Z%20DDR4-3466%2016GB
1373,G.Skill Trident Z DDR4-3733 8GB,8 GB,DDR4,21.99,G.Skill,3733,17-19-19-39-2N,2,https://www.pc-kombo.com/us/product/ram/0848354015796_G.Skill%20Trident%20Z%20DDR4-3733%208GB
543,Corsair Dominator Platinum Series — 16GB,16 GB,DDR3,89.99,Corsair,2133,9-11-10-30,4,https://www.pc-kombo.com/us/product/ram/0843591024693_Corsair%20Dominator%20Platinum%20Series%20—%2016GB
1403,G.Skill Trident Z Neo,64 GB,DDR4,204.99,G.Skill,3600,14-15-15-35,4,https://www.pc-kombo.com/us/product/ram/4713294221551_G.Skill%20Trident%20Z%20Neo
1293,G.Skill Trident Z DDR4-3200 128GB,128 GB,DDR4,1000.98,G.Skill,3200,16-18-18-38-2N,8,https://www.pc-kombo.com/us/product/ram/0848354022275_G.Skill%20Trident%20Z%20DDR4-3200%20128GB
527,Corsair Dominator Platinum Series 64GB,64 GB,DDR4,324.99,Corsair,2800,14-16-16-31,8,https://www.pc-kombo.com/us/product/ram/0843591067591_Corsair%20Dominator%20Platinum%20Series%2064GB
855,Corsair Vengeance RGB Pro Series white,64 GB,DDR4,159.99,Corsair,3600,18-19-19-39,8,https://www.pc-kombo.com/us/product/ram/0843591099066_Corsair%20Vengeance%20RGB%20Pro%20Series%20weiß
66,Corsair Vengeance LED white DDR4-3000  CL15,64 GB,DDR4,159.99,Corsair,3000,,1,https://www.pc-kombo.com/us/product/ram/0843591090742_Corsair%20Vengeance%20LED%20Weiß%20DDR4-3000%20%20CL15
1208,G.Skill Ripjaws V DDR4-3000 128GB,128 GB,DDR4,1000.98,G.Skill,3000,14-14-14-34-2N,8,https://www.pc-kombo.com/us/product/ram/0700115307468_G.Skill%20Ripjaws%20V%20DDR4-3000%20128GB
836,Corsair Vengeance RGB Pro Series black,32 GB,DDR4,104.99,Corsair,4266,19-26-26-46,4,https://www.pc-kombo.com/us/product/ram/0840006605256_Corsair%20Vengeance%20RGB%20Pro%20Series%20schwarz
672,Corsair Vengeance,192 GB,DDR5,669.99,Corsair,5200,38-38-38-84,4,https://www.pc-kombo.com/us/product/ram/0840006666752_Corsair%20Vengeance
542,Corsair Dominator Platinum Series — 16GB,16 GB,DDR3,89.99,Corsair,1866,10-11-10-30,2,https://www.pc-kombo.com/us/product/ram/0843591029667_Corsair%20Dominator%20Platinum%20Series%20—%2016GB
1418,G.Skill Trident Z Neo Series,64 GB,DDR4,134.31931034482800,G.Skill,3200,14-14-14-34,4,https://www.pc-kombo.com/us/product/ram/4713294223272_G.Skill%20Trident%20Z%20Neo%20Series
1262,G.Skill Ripjaws V DDR4-4000 8GB,8 GB,DDR4,21.99,G.Skill,4000,19-21-21-41-2N,2,https://www.pc-kombo.com/us/product/ram/0848354018759_G.Skill%20Ripjaws%20V%20DDR4-4000%208GB
1160,G.Skill Ripjaws 4 DDR4-3300 16GB,16 GB,DDR4,42.99,G.Skill,3300,16-18-18-38-2N,4,https://www.pc-kombo.com/us/product/ram/0848354012429_G.Skill%20Ripjaws%204%20DDR4-3300%2016GB
459,"Corsair Dominator Platinum + AF, DDR4-3600, CL 16 - 32 GB Quad Kit",32 GB,DDR4,104.99,Corsair,3600,16-16-16-36,4,"https://www.pc-kombo.com/us/product/ram/0843591092432_Corsair%20Dominator%20Platinum%20+%20AF,%20DDR4-3600,%20CL%2016%20-%2032%20GB%20Quad%20Kit"
1291,G.Skill Trident Z DDR4-3200 128GB,128 GB,DDR4,1000.98,G.Skill,3200,16-18-18-38-2N,8,https://www.pc-kombo.com/us/product/ram/0848354022237_G.Skill%20Trident%20Z%20DDR4-3200%20128GB
190,G.Skill Ripjaws V DDR4-3200 64GB,64 GB,DDR4,499.99,G.Skill,3200,14-14-14-34-2N,4,https://www.pc-kombo.com/us/product/ram/0848354019220_G.Skill%20Ripjaws%20V%20DDR4-3200%2064GB
594,Corsair LPX 32GB,32 GB,DDR4,94.99,Corsair,3866,18-22-22-40,4,https://www.pc-kombo.com/us/product/ram/0843591096454_Corsair%20LPX%2032GB
280,G.Skill Trident Z RGB DDR4-3200 64GB,64 GB,DDR4,194.99,G.Skill,3200,15-15-15-35,4,https://www.pc-kombo.com/us/product/ram/0848354026518_G.Skill%20Trident%20Z%20RGB%20DDR4-3200%2064GB
775,Corsair Vengeance LPX Series black DDR4-2400,128 GB,DDR4,444.99,Corsair,2400,14-16-16-31,8,https://www.pc-kombo.com/us/product/ram/0843591067416_Corsair%20Vengeance%20LPX%20Series%20schwarz%20DDR4-2400
1242,G.Skill Ripjaws V DDR4-3200 64GB,64 GB,DDR4,499.99,G.Skill,3200,15-15-15-35-2N,8,https://www.pc-kombo.com/us/product/ram/0848354020219_G.Skill%20Ripjaws%20V%20DDR4-3200%2064GB
1173,G.Skill Ripjaws V,64 GB,DDR4,129.99,G.Skill,3600,14-15-15-35,4,https://www.pc-kombo.com/us/product/ram/4713294221537_G.Skill%20Ripjaws%20V
1424,G.Skill Trident Z RGB,64 GB,DDR4,139.99,G.Skill,3600,14-15-15-35,4,https://www.pc-kombo.com/us/product/ram/4713294221544_G.Skill%20Trident%20Z%20RGB
549,Corsair LED 32GB,32 GB,DDR4,94.99,Corsair,3200,16-18-18-36,4,https://www.pc-kombo.com/us/product/ram/0843591090421_Corsair%20LED%2032GB
1449,G.Skill Trident Z RGB Series,64 GB,DDR4,134.31931034482800,G.Skill,3600,17-19-19-39,4,https://www.pc-kombo.com/us/product/ram/4719692015297_G.Skill%20Trident%20Z%20RGB%20Series
1288,G.Skill Trident Z DDR4-3000 8GB,8 GB,DDR4,21.99,G.Skill,3000,15-15-15-35-2N,2,https://www.pc-kombo.com/us/product/ram/0848354015376_G.Skill%20Trident%20Z%20DDR4-3000%208GB
590,Corsair LPX 16GB,16 GB,DDR4,41.99,Corsair,3400,16-18-18-36,4,https://www.pc-kombo.com/us/product/ram/0843591068093_Corsair%20LPX%2016GB
1329,G.Skill Trident Z DDR4-3300 64GB,64 GB,DDR4,499.99,G.Skill,3300,16-16-16-36-2N,8,https://www.pc-kombo.com/us/product/ram/0848354021957_G.Skill%20Trident%20Z%20DDR4-3300%2064GB
1368,G.Skill Trident Z DDR4-3600 64GB,64 GB,DDR4,499.99,G.Skill,3600,17-19-19-39,4,https://www.pc-kombo.com/us/product/ram/0848354024514_G.Skill%20Trident%20Z%20DDR4-3600%2064GB
1361,G.Skill Trident Z DDR4-3466 64GB,64 GB,DDR4,499.99,G.Skill,3466,16-18-18-38-2N,8,https://www.pc-kombo.com/us/product/ram/0848354022893_G.Skill%20Trident%20Z%20DDR4-3466%2064GB
496,Corsair Dominator Platinum ROG Edition 32GB,32 GB,DDR4,134.31931034482800,Corsair,3200,16-18-18-36,4,https://www.pc-kombo.com/us/product/ram/0843591094573_Corsair%20Dominator%20Platinum%20ROG%20Edition%2032GB
1252,G.Skill Ripjaws V DDR4-3400 64GB,64 GB,DDR4,499.99,G.Skill,3400,16-16-16-36-2N,4,https://www.pc-kombo.com/us/product/ram/0848354019732_G.Skill%20Ripjaws%20V%20DDR4-3400%2064GB
484,Corsair Dominator Platinum RGB,64 GB,DDR5,324.99,Corsair,6400,32-40-40-84,4,https://www.pc-kombo.com/us/product/ram/0840006665496_Corsair%20Dominator%20Platinum%20RGB
1315,G.Skill Trident Z DDR4-3200 64GB,64 GB,DDR4,499.99,G.Skill,3200,16-18-18-38-2N,8,https://www.pc-kombo.com/us/product/ram/0848354022169_G.Skill%20Trident%20Z%20DDR4-3200%2064GB
947,Crucial Ballistix Elite series,32 GB,DDR4,88.98,Crucial,3600,16-18-18,4,https://www.pc-kombo.com/us/product/ram/0649528789600_Crucial%20Ballistix%20Elite%20series
1343,G.Skill Trident Z DDR4-3333 32GB,32 GB,DDR4,62.99,G.Skill,3333,16-16-16-36-2N,4,https://www.pc-kombo.com/us/product/ram/0848354019992_G.Skill%20Trident%20Z%20DDR4-3333%2032GB
570,Corsair LPX 128GB,128 GB,DDR4,444.99,Corsair,3000,16-18-18-36,8,https://www.pc-kombo.com/us/product/ram/0843591084307_Corsair%20LPX%20128GB
1313,G.Skill Trident Z DDR4-3200 64GB,64 GB,DDR4,499.99,G.Skill,3200,16-18-18-38-2N,8,https://www.pc-kombo.com/us/product/ram/0848354022114_G.Skill%20Trident%20Z%20DDR4-3200%2064GB
1458,G.Skill Trident Z RGB Series für AMD Ryzen,32 GB,DDR4,122.99,G.Skill,3200,14-14-14-34,4,https://www.pc-kombo.com/us/product/ram/4719692018212_G.Skill%20Trident%20Z%20RGB%20Series%20für%20AMD%20Ryzen
1314,G.Skill Trident Z DDR4-3200 64GB,64 GB,DDR4,499.99,G.Skill,3200,15-15-15-35-2N,8,https://www.pc-kombo.com/us/product/ram/0848354022374_G.Skill%20Trident%20Z%20DDR4-3200%2064GB
1320,G.Skill Trident Z DDR4-3200 8GB,8 GB,DDR4,21.99,G.Skill,3200,16-18-18-38-2N,2,https://www.pc-kombo.com/us/product/ram/0848354015536_G.Skill%20Trident%20Z%20DDR4-3200%208GB
642,Corsair RGB 32GB,32 GB,DDR4,94.99,Corsair,3333,16-18-18-36,4,https://www.pc-kombo.com/us/product/ram/0843591030205_Corsair%20RGB%2032GB
1100,G.Skill Fortis Series,64 GB,DDR4,209.99,G.Skill,2400,15-15-15-39,4,https://www.pc-kombo.com/us/product/ram/4719692016270_G.Skill%20Fortis%20Series
1423,G.Skill Trident Z RGB,128 GB,DDR4,289.99,G.Skill,3600,18-22-22-42,4,https://www.pc-kombo.com/us/product/ram/4713294225924_G.Skill%20Trident%20Z%20RGB
1306,G.Skill Trident Z DDR4-3200 32GB,32 GB,DDR4,62.99,G.Skill,3200,14-14-14-34-2N,4,https://www.pc-kombo.com/us/product/ram/0848354019381_G.Skill%20Trident%20Z%20DDR4-3200%2032GB
1487,G.Skill Trident Z5 RGB,32 GB,DDR5,112.99,G.Skill,7800,36-46-125,2,https://www.pc-kombo.com/us/product/ram/4713294230331_G.Skill%20Trident%20Z5%20RGB
1486,G.Skill Trident Z5 RGB,32 GB,DDR5,112.99,G.Skill,7800,36-46-125,2,https://www.pc-kombo.com/us/product/ram/4713294230324_G.Skill%20Trident%20Z5%20RGB
1547,HyperX Savage red DDR3-2133 CL11,8 GB,DDR3,134.31931034482800,HyperX,2133,,1,https://www.pc-kombo.com/us/product/ram/0740617234558_HyperX%20Savage%20rot%20DDR3-2133%20CL11
551,Corsair Low Profile Blue — 16GB Dual Channel DDR3 Memory Kit,16 GB,DDR3,41.99,Corsair,1600,9-9-9-24,4,https://www.pc-kombo.com/us/product/ram/5053460276558_Corsair%20Low%20Profile%20Blue%20—%2016GB%20Dual%20Channel%20DDR3%20Memory%20Kit
60,Corsair Vengeance LED red DDR4-2666  CL16,32 GB,DDR4,104.99,Corsair,2666,,4,https://www.pc-kombo.com/us/product/ram/0843591090391_Corsair%20Vengeance%20LED%20Rot%20DDR4-2666%20%20CL16
1023,Crucial Ballistix Sport LT series white,64 GB,DDR4,224.52,Crucial,3000,15-16-16,4,https://www.pc-kombo.com/us/product/ram/0649528788733_Crucial%20Ballistix%20Sport%20LT%20series%20weiß
1360,G.Skill Trident Z DDR4-3466 64GB,64 GB,DDR4,499.99,G.Skill,3466,16-18-18-38-2N,4,https://www.pc-kombo.com/us/product/ram/0848354023531_G.Skill%20Trident%20Z%20DDR4-3466%2064GB
1359,G.Skill Trident Z DDR4-3466 64GB,64 GB,DDR4,499.99,G.Skill,3466,16-18-18-38-2N,4,https://www.pc-kombo.com/us/product/ram/0848354023555_G.Skill%20Trident%20Z%20DDR4-3466%2064GB
1388,G.Skill Trident Z DDR4-4000 32GB,32 GB,DDR4,62.99,G.Skill,4000,18-19-19-39-2N,4,https://www.pc-kombo.com/us/product/ram/0848354024439_G.Skill%20Trident%20Z%20DDR4-4000%2032GB
1389,G.Skill Trident Z DDR4-4000 32GB,32 GB,DDR4,62.99,G.Skill,4000,18-19-19-39-2N,4,https://www.pc-kombo.com/us/product/ram/0848354024446_G.Skill%20Trident%20Z%20DDR4-4000%2032GB
1238,G.Skill Ripjaws V DDR4-3200 32GB,32 GB,DDR4,62.99,G.Skill,3200,14-14-14-34-2N,4,https://www.pc-kombo.com/us/product/ram/0848354019367_G.Skill%20Ripjaws%20V%20DDR4-3200%2032GB
1599,Kingston HyperX Predator,64 GB,DDR4,134.31931034482800,Kingston,3000,15-17-17,4,https://www.pc-kombo.com/us/product/ram/0740617258479_Kingston%20HyperX%20Predator
36,Corsair Dominator Platinum Series 16GB,16 GB,DDR4,89.99,Corsair,3200,14-16-16-36,2,https://www.pc-kombo.com/us/product/ram/0843591092715_Corsair%20Dominator%20Platinum%20Series%2016GB
1482,G.Skill Trident Z5 RGB,64 GB,DDR5,214.99,G.Skill,6000,30-40-96,2,https://www.pc-kombo.com/us/product/ram/4713294231932_G.Skill%20Trident%20Z5%20RGB
1483,G.Skill Trident Z5 RGB,64 GB,DDR5,214.99,G.Skill,6000,30-40-96,2,https://www.pc-kombo.com/us/product/ram/4713294231949_G.Skill%20Trident%20Z5%20RGB
1480,G.Skill Trident Z5 RGB,64 GB,DDR5,214.99,G.Skill,6000,32-38-38-96,2,https://www.pc-kombo.com/us/product/ram/4713294231567_G.Skill%20Trident%20Z5%20RGB
1481,G.Skill Trident Z5 RGB,64 GB,DDR5,214.99,G.Skill,6000,32-38-38-96,2,https://www.pc-kombo.com/us/product/ram/4713294231574_G.Skill%20Trident%20Z5%20RGB
693,Corsair Vengeance LED red DDR4-3000  CL15,32 GB,DDR4,104.99,Corsair,3000,,4,https://www.pc-kombo.com/us/product/ram/0843591090414_Corsair%20Vengeance%20LED%20Rot%20DDR4-3000%20%20CL15
1378,G.Skill Trident Z DDR4-3866 32GB,32 GB,DDR4,62.99,G.Skill,3866,18-19-19-39-2N,4,https://www.pc-kombo.com/us/product/ram/0848354024231_G.Skill%20Trident%20Z%20DDR4-3866%2032GB
1311,G.Skill Trident Z DDR4-3200 64GB,64 GB,DDR4,499.99,G.Skill,3200,16-18-18-38-2N,8,https://www.pc-kombo.com/us/product/ram/0848354022152_G.Skill%20Trident%20Z%20DDR4-3200%2064GB
805,Corsair Vengeance RGB,96 GB,DDR5,384.99,Corsair,5200,38-38-38-84,2,https://www.pc-kombo.com/us/product/ram/0840006664994_Corsair%20Vengeance%20RGB
721,Corsair Vengeance LPX DDR4-2800 black CL16,32 GB,DDR4,104.99,Corsair,2800,,1,https://www.pc-kombo.com/us/product/ram/0843591072519_Corsair%20Vengeance%20LPX%20DDR4-2800%20schwarz%20CL16
1365,G.Skill Trident Z DDR4-3600 32GB,32 GB,DDR4,62.99,G.Skill,3600,17-18-18-38-2N,4,https://www.pc-kombo.com/us/product/ram/0848354018476_G.Skill%20Trident%20Z%20DDR4-3600%2032GB
668,Corsair Vengeance,32 GB,DDR5,104.99,Corsair,7000,34-42-42-96,2,https://www.pc-kombo.com/us/product/ram/0840006600404_Corsair%20Vengeance
505,Corsair Dominator Platinum Series 16GB,16 GB,DDR4,89.99,Corsair,3733,17-19-19-39,2,https://www.pc-kombo.com/us/product/ram/0843591097628_Corsair%20Dominator%20Platinum%20Series%2016GB
1236,G.Skill Ripjaws V DDR4-3200 32GB,32 GB,DDR4,62.99,G.Skill,3200,15-15-15-35-2N,4,https://www.pc-kombo.com/us/product/ram/0848354019466_G.Skill%20Ripjaws%20V%20DDR4-3200%2032GB
489,Corsair Dominator Platinum RGB Series,64 GB,DDR4,159.99,Corsair,3600,18-19-19-39,4,https://www.pc-kombo.com/us/product/ram/0840006607458_Corsair%20Dominator%20Platinum%20RGB%20Series
589,Corsair LPX 16GB,16 GB,DDR4,41.99,Corsair,4266,19-26-26-46,2,https://www.pc-kombo.com/us/product/ram/0843591097833_Corsair%20LPX%2016GB
558,Corsair Low Profile — 32GB Dual/Quad Channel DDR3 Memory Kit,32 GB,DDR3,104.99,Corsair,1600,10-10-10-27,4,https://www.pc-kombo.com/us/product/ram/0843591036092_Corsair%20Low%20Profile%20—%2032GB%20Dual_Quad%20Channel%20DDR3%20Memory%20Kit
1434,G.Skill Trident Z RGB DDR4-3466 32GB,32 GB,DDR4,95.99,G.Skill,3466,16-18-18-38-2N,4,https://www.pc-kombo.com/us/product/ram/0848354025214_G.Skill%20Trident%20Z%20RGB%20DDR4-3466%2032GB
275,G.Skill Trident Z Neo Series,16 GB,DDR4,220.0,G.Skill,3600,14-15-15-35,2,https://www.pc-kombo.com/us/product/ram/4713294223326_G.Skill%20Trident%20Z%20Neo%20Series
1042,Crucial DDR4-2133 CL15,32 GB,DDR4,124.99,Crucial,2133,,1,https://www.pc-kombo.com/us/product/ram/0649528773463_Crucial%20DDR4-2133%20CL15
236,G.Skill Trident Z DDR4-3200 32GB,32 GB,DDR4,62.99,G.Skill,3200,15-15-15-35-2N,2,https://www.pc-kombo.com/us/product/ram/4719692013255_G.Skill%20Trident%20Z%20DDR4-3200%2032GB
1411,G.Skill Trident Z Neo Series,32 GB,DDR4,152.69,G.Skill,3000,16-18-18-38,4,https://www.pc-kombo.com/us/product/ram/4713294224057_G.Skill%20Trident%20Z%20Neo%20Series
1462,G.Skill Trident Z Royal,32 GB,DDR4,108.99,G.Skill,3600,14-15-15-35,2,https://www.pc-kombo.com/us/product/ram/4713294221520_G.Skill%20Trident%20Z%20Royal
1176,G.Skill Ripjaws V DDR4-2133 32GB,32 GB,DDR4,62.99,G.Skill,2133,15-15-15-35-2N,4,https://www.pc-kombo.com/us/product/ram/0848354012993_G.Skill%20Ripjaws%20V%20DDR4-2133%2032GB
903,Corsair Vengeance RGB RT,64 GB,DDR4,154.99,Corsair,3200,16-20-20-38,4,https://www.pc-kombo.com/us/product/ram/0840006650683_Corsair%20Vengeance%20RGB%20RT
902,Corsair Vengeance RGB RT,64 GB,DDR4,154.99,Corsair,3600,18-22-22-42,4,https://www.pc-kombo.com/us/product/ram/0840006650706_Corsair%20Vengeance%20RGB%20RT
1590,Kingston DDR4-2133 reg ECC  - Dell branded,32 GB,DDR4,62.99,Kingston,2133,,1,https://www.pc-kombo.com/us/product/ram/0740617251241_Kingston%20DDR4-2133%20reg%20ECC%20%20-%20Dell%20branded
1445,G.Skill Trident Z RGB Series,32 GB,DDR4,84.99,G.Skill,3600,17-19-19-39,4,https://www.pc-kombo.com/us/product/ram/4719692015280_G.Skill%20Trident%20Z%20RGB%20Series
1421,G.Skill Trident Z RGB,32 GB,DDR4,81.99,G.Skill,3600,14-15-15-35,2,https://www.pc-kombo.com/us/product/ram/4713294221490_G.Skill%20Trident%20Z%20RGB
1431,G.Skill Trident Z RGB DDR4-3000 32GB,32 GB,DDR4,95.99,G.Skill,3000,15-16-16-35-2N,4,https://www.pc-kombo.com/us/product/ram/0848354025160_G.Skill%20Trident%20Z%20RGB%20DDR4-3000%2032GB
1402,G.Skill Trident Z Neo,32 GB,DDR4,99.99,G.Skill,3600,14-15-15-35,2,https://www.pc-kombo.com/us/product/ram/4713294221506_G.Skill%20Trident%20Z%20Neo
1047,Crucial DDR4-2133 CL15   Reg. ECC,16 GB,DDR4,55.99,Crucial,2133,,1,https://www.pc-kombo.com/us/product/ram/0649528767509_Crucial%20DDR4-2133%20CL15%20%20%20Reg.%20ECC
1304,G.Skill Trident Z DDR4-3200 32GB,32 GB,DDR4,62.99,G.Skill,3200,15-15-15-35-2N,4,https://www.pc-kombo.com/us/product/ram/4719692009500_G.Skill%20Trident%20Z%20DDR4-3200%2032GB
1473,G.Skill Trident Z Royal Series silver,16 GB,DDR4,49.99,G.Skill,4266,19-19-19-39,2,https://www.pc-kombo.com/us/product/ram/4713294222596_G.Skill%20Trident%20Z%20Royal%20Series%20silber
476,Corsair Dominator Platinum RGB,32 GB,DDR5,164.99,Corsair,6200,36-39-39-76,2,https://www.pc-kombo.com/us/product/ram/0840006663553_Corsair%20Dominator%20Platinum%20RGB
899,Corsair Vengeance RGB RT,32 GB,DDR4,99.99,Corsair,4600,18-22-22-42,2,https://www.pc-kombo.com/us/product/ram/0840006652113_Corsair%20Vengeance%20RGB%20RT
1444,G.Skill Trident Z RGB Series,32 GB,DDR4,84.99,G.Skill,3000,14-14-14-34,2,https://www.pc-kombo.com/us/product/ram/4719692015358_G.Skill%20Trident%20Z%20RGB%20Series
879,Corsair Vengeance RGB RS,64 GB,DDR4,154.99,Corsair,3600,18-22-22-42,2,https://www.pc-kombo.com/us/product/ram/0840006649076_Corsair%20Vengeance%20RGB%20RS
1406,G.Skill Trident Z Neo Series,32 GB,DDR4,152.69,G.Skill,2666,18-18-18-43,2,https://www.pc-kombo.com/us/product/ram/4713294224026_G.Skill%20Trident%20Z%20Neo%20Series
503,Corsair Dominator Platinum Series 16GB,16 GB,DDR4,89.99,Corsair,2400,10-12-12-28,2,https://www.pc-kombo.com/us/product/ram/0843591084802_Corsair%20Dominator%20Platinum%20Series%2016GB
168,G.Skill Aegis DDR4 DDR4-2400 32GB,32 GB,DDR4,95.99,G.Skill,2400,15-15-15-35-2N,2,https://www.pc-kombo.com/us/product/ram/0848354019671_G.Skill%20Aegis%20DDR4%20DDR4-2400%2032GB
1169,G.Skill Ripjaws V,32 GB,DDR4,64.98,G.Skill,3600,14-15-15-35,2,https://www.pc-kombo.com/us/product/ram/4713294221483_G.Skill%20Ripjaws%20V
1286,G.Skill Trident Z DDR4-3000 32GB,32 GB,DDR4,62.99,G.Skill,3000,14-14-14-34-2N,4,https://www.pc-kombo.com/us/product/ram/0848354019442_G.Skill%20Trident%20Z%20DDR4-3000%2032GB
1134,G.Skill Ripjaws 4 DDR4-2666 32GB,32 GB,DDR4,62.99,G.Skill,2666,15-15-15-35-2N,4,https://www.pc-kombo.com/us/product/ram/4719692000941_G.Skill%20Ripjaws%204%20DDR4-2666%2032GB
1439,G.Skill Trident Z RGB DDR4-4266 16GB,16 GB,DDR4,49.99,G.Skill,4266,19-19-19-39,2,https://www.pc-kombo.com/us/product/ram/0848354024958_G.Skill%20Trident%20Z%20RGB%20DDR4-4266%2016GB
1251,G.Skill Ripjaws V DDR4-3400 32GB,32 GB,DDR4,62.99,G.Skill,3400,16-18-18-38-2N,4,https://www.pc-kombo.com/us/product/ram/4719692006967_G.Skill%20Ripjaws%20V%20DDR4-3400%2032GB
619,Corsair Pro Series — 32GB,32 GB,DDR3,234.99,Corsair,1866,9-10-9-27,4,https://www.pc-kombo.com/us/product/ram/5054484468318_Corsair%20Pro%20Series%20—%2032GB
692,Corsair Vengeance LED red DDR4-3000  CL15,16 GB,DDR4,41.99,Corsair,3000,,2,https://www.pc-kombo.com/us/product/ram/0843591090254_Corsair%20Vengeance%20LED%20Rot%20DDR4-3000%20%20CL15
1592,Kingston DDR4-2400 reg ECC  - Dell branded,32 GB,DDR4,62.99,Kingston,2400,,1,https://www.pc-kombo.com/us/product/ram/0740617259117_Kingston%20DDR4-2400%20reg%20ECC%20%20-%20Dell%20branded
259,G.Skill Trident Z DDR4-3466 32GB,32 GB,DDR4,62.99,G.Skill,3466,16-18-18-38-2N,2,https://www.pc-kombo.com/us/product/ram/0848354023548_G.Skill%20Trident%20Z%20DDR4-3466%2032GB
1255,G.Skill Ripjaws V DDR4-3466 32GB,32 GB,DDR4,62.99,G.Skill,3466,16-18-18-38-2N,4,https://www.pc-kombo.com/us/product/ram/4719692010087_G.Skill%20Ripjaws%20V%20DDR4-3466%2032GB
37,Corsair Dominator Platinum Series 32GB,32 GB,DDR4,1674.47,Corsair,3200,16-18-18-36,2,https://www.pc-kombo.com/us/product/ram/0843591084703_Corsair%20Dominator%20Platinum%20Series%2032GB
1254,G.Skill Ripjaws V DDR4-3466 32GB,32 GB,DDR4,62.99,G.Skill,3466,16-18-18-38-2N,4,https://www.pc-kombo.com/us/product/ram/4719692010094_G.Skill%20Ripjaws%20V%20DDR4-3466%2032GB
1356,G.Skill Trident Z DDR4-3466 32GB,32 GB,DDR4,62.99,G.Skill,3466,16-18-18-38-2N,4,https://www.pc-kombo.com/us/product/ram/0848354015604_G.Skill%20Trident%20Z%20DDR4-3466%2032GB
585,Corsair LPX 16GB,16 GB,DDR4,41.99,Corsair,3200,15-17-17-35,4,https://www.pc-kombo.com/us/product/ram/8502201635361_Corsair%20LPX%2016GB
897,Corsair Vengeance RGB RT,64 GB,DDR4,154.99,Corsair,3200,16-20-20-38,2,https://www.pc-kombo.com/us/product/ram/0840006650652_Corsair%20Vengeance%20RGB%20RT
292,G.Skill Trident Z Royal Series gold,16 GB,DDR4,49.99,G.Skill,3600,17-18-18-38,2,https://www.pc-kombo.com/us/product/ram/4713294222657_G.Skill%20Trident%20Z%20Royal%20Series%20gold
232,G.Skill Trident Z DDR4-3200 32GB,32 GB,DDR4,62.99,G.Skill,3200,16-18-18-38-2N,2,https://www.pc-kombo.com/us/product/ram/4719692013118_G.Skill%20Trident%20Z%20DDR4-3200%2032GB
1036,Crucial Ballistix Tactical Tracer RGB,32 GB,DDR4,134.31931034482800,Crucial,2666,16-18-18,4,https://www.pc-kombo.com/us/product/ram/0649528785602_Crucial%20Ballistix%20Tactical%20Tracer%20RGB
1037,Crucial Ballistix Tactical Tracer RGB,32 GB,DDR4,134.31931034482800,Crucial,2666,16-18-18,4,https://www.pc-kombo.com/us/product/ram/0649528785626_Crucial%20Ballistix%20Tactical%20Tracer%20RGB
848,Corsair Vengeance RGB Pro Series white,32 GB,DDR4,104.99,Corsair,3200,16-16-16-36,2,https://www.pc-kombo.com/us/product/ram/0843591082921_Corsair%20Vengeance%20RGB%20Pro%20Series%20weiß
305,Gigabyte Aorus RGB Memory,16 GB,DDR4,43.99,Gigabyte,3200,16-18-18-38,2,https://www.pc-kombo.com/us/product/ram/4719331804886_Gigabyte%20Aorus%20RGB%20Memory
557,Corsair Low Profile — 32GB Dual/Quad Channel DDR3 Memory Kit,32 GB,DDR3,104.99,Corsair,1600,10-10-10-27,4,https://www.pc-kombo.com/us/product/ram/0843591024389_Corsair%20Low%20Profile%20—%2032GB%20Dual_Quad%20Channel%20DDR3%20Memory%20Kit
231,G.Skill Trident Z DDR4-3200 32GB,32 GB,DDR4,62.99,G.Skill,3200,16-18-18-38-2N,2,https://www.pc-kombo.com/us/product/ram/0848354016939_G.Skill%20Trident%20Z%20DDR4-3200%2032GB
813,Corsair Vengeance RGB Pro black,64 GB,DDR4,189.99,Corsair,3600,18-22-22-42,2,https://www.pc-kombo.com/us/product/ram/0840006620785_Corsair%20Vengeance%20RGB%20Pro%20schwarz
273,G.Skill Trident Z Neo Series,32 GB,DDR4,152.69,G.Skill,3600,16-16-16-36,2,https://www.pc-kombo.com/us/product/ram/4713294223425_G.Skill%20Trident%20Z%20Neo%20Series
274,G.Skill Trident Z Neo Series,16 GB,DDR4,220.0,G.Skill,3200,14-14-14-34,2,https://www.pc-kombo.com/us/product/ram/4713294223241_G.Skill%20Trident%20Z%20Neo%20Series
745,Corsair Vengeance LPX black,64 GB,DDR4,359.99,Corsair,3200,16-20-20-38,4,https://www.pc-kombo.com/us/product/ram/0840006623304_Corsair%20Vengeance%20LPX%20schwarz
1107,G.Skill Ripjaws 4 DDR4-2133 32GB,32 GB,DDR4,62.99,G.Skill,2133,15-15-15-35-2N,4,https://www.pc-kombo.com/us/product/ram/0848354011095_G.Skill%20Ripjaws%204%20DDR4-2133%2032GB
51,Corsair RGB 16GB,16 GB,DDR4,41.99,Corsair,3200,16-18-18-36,2,https://www.pc-kombo.com/us/product/ram/0843591097208_Corsair%20RGB%2016GB
799,Corsair Vengeance RGB,32 GB,DDR5,94.99,Corsair,6800,40-50-50-110,2,https://www.pc-kombo.com/us/product/ram/0840006666370_Corsair%20Vengeance%20RGB
62,Corsair Vengeance LED red DDR4-3200  CL16,16 GB,DDR4,41.99,Corsair,3200,,2,https://www.pc-kombo.com/us/product/ram/0843591090278_Corsair%20Vengeance%20LED%20Rot%20DDR4-3200%20%20CL16
1398,G.Skill Trident Z DDR4-4266 16GB,16 GB,DDR4,42.99,G.Skill,4266,19-19-19-39,2,https://www.pc-kombo.com/us/product/ram/0848354025078_G.Skill%20Trident%20Z%20DDR4-4266%2016GB
1438,G.Skill Trident Z RGB DDR4-4000 16GB,16 GB,DDR4,49.99,G.Skill,4000,18-19-19-39-2N,2,https://www.pc-kombo.com/us/product/ram/0848354025047_G.Skill%20Trident%20Z%20RGB%20DDR4-4000%2016GB
258,G.Skill Trident Z DDR4-3466 32GB,32 GB,DDR4,62.99,G.Skill,3466,16-18-18-38-2N,2,https://www.pc-kombo.com/us/product/ram/0848354023524_G.Skill%20Trident%20Z%20DDR4-3466%2032GB
79,Corsair Vengeance LPX Blue DDR4-2400  CL14,32 GB,DDR4,104.99,Corsair,2400,,4,https://www.pc-kombo.com/us/product/ram/0843591058308_Corsair%20Vengeance%20LPX%20Blue%20DDR4-2400%20%20CL14
825,Corsair Vengeance RGB Pro Series black,32 GB,DDR4,104.99,Corsair,2933,16-18-18-35,4,https://www.pc-kombo.com/us/product/ram/0843591019026_Corsair%20Vengeance%20RGB%20Pro%20Series%20schwarz
1539,HyperX Predator DDR4-3200 CL16,32 GB,DDR4,134.31931034482800,HyperX,3200,,4,https://www.pc-kombo.com/us/product/ram/0740617258431_HyperX%20Predator%20DDR4-3200%20CL16
787,Corsair Vengeance LPX Series white,32 GB,DDR4,134.31931034482800,Corsair,2666,16-18-18-35,2,https://www.pc-kombo.com/us/product/ram/0843591088398_Corsair%20Vengeance%20LPX%20Series%20weiß
58,Corsair Vengeance LED blue DDR4-3200  CL16,16 GB,DDR4,41.99,Corsair,3200,,2,https://www.pc-kombo.com/us/product/ram/0843591095563_Corsair%20Vengeance%20LED%20Blau%20DDR4-3200%20%20CL16
662,Corsair Vengeance,64 GB,DDR5,159.99,Corsair,5200,40-40-40-77,2,https://www.pc-kombo.com/us/product/ram/0840006661245_Corsair%20Vengeance
639,Corsair RGB 32GB,32 GB,DDR4,94.99,Corsair,2666,16-18-18-35,4,https://www.pc-kombo.com/us/product/ram/0843591028455_Corsair%20RGB%2032GB
823,Corsair Vengeance RGB Pro Series black,32 GB,DDR4,104.99,Corsair,3000,15-17-17-35,2,https://www.pc-kombo.com/us/product/ram/0843591082891_Corsair%20Vengeance%20RGB%20Pro%20Series%20schwarz
896,Corsair Vengeance RGB RT,32 GB,DDR4,99.99,Corsair,3600,18-22-22-42,4,https://www.pc-kombo.com/us/product/ram/0840006650645_Corsair%20Vengeance%20RGB%20RT
1341,G.Skill Trident Z DDR4-3333 32GB,32 GB,DDR4,62.99,G.Skill,3333,16-18-18-38-2N,4,https://www.pc-kombo.com/us/product/ram/0848354021674_G.Skill%20Trident%20Z%20DDR4-3333%2032GB
1022,Crucial Ballistix Sport LT series white,32 GB,DDR4,88.98,Crucial,3000,15-16-16,2,https://www.pc-kombo.com/us/product/ram/0649528788726_Crucial%20Ballistix%20Sport%20LT%20series%20weiß
660,Corsair Vengeance,48 GB,DDR5,189.3,Corsair,7000,40-52-52-114,2,https://www.pc-kombo.com/us/product/ram/0840006667124_Corsair%20Vengeance
304,Gigabyte Aorus RGB Memory,16 GB,DDR4,43.99,Gigabyte,3200,16-18-18-38,2,https://www.pc-kombo.com/us/product/ram/4719331804855_Gigabyte%20Aorus%20RGB%20Memory
226,G.Skill Trident Z DDR4-3200 16GB,16 GB,DDR4,42.99,G.Skill,3200,14-14-14-34-2N,2,https://www.pc-kombo.com/us/product/ram/0848354023272_G.Skill%20Trident%20Z%20DDR4-3200%2016GB
299,G.Skill Trident Z Series silver/red,16 GB,DDR4,49.99,G.Skill,3600,16-16-18-36,2,https://www.pc-kombo.com/us/product/ram/4719692008725_G.Skill%20Trident%20Z%20Series%20silber_rot
474,Corsair Dominator Platinum RGB,32 GB,DDR5,164.99,Corsair,5200,40-40-77,2,https://www.pc-kombo.com/us/product/ram/0840006659471_Corsair%20Dominator%20Platinum%20RGB
759,Corsair Vengeance LPX Series red,32 GB,DDR4,134.31931034482800,Corsair,3000,15-17-17-35,2,https://www.pc-kombo.com/us/product/ram/0843591071215_Corsair%20Vengeance%20LPX%20Series%20rot
713,Corsair Vengeance LPX blue DDR4-2133  CL13,16 GB,DDR4,41.99,Corsair,2133,,4,https://www.pc-kombo.com/us/product/ram/0843591056601_Corsair%20Vengeance%20LPX%20Blau%20DDR4-2133%20%20CL13
1276,G.Skill Sniper X Series,32 GB,DDR4,272.21,G.Skill,3200,16-18-18-38,4,https://www.pc-kombo.com/us/product/ram/4719692019660_G.Skill%20Sniper%20X%20Series
1536,HyperX Predator DDR4-3000 CL15,16 GB,DDR4,134.31931034482800,HyperX,3000,,4,https://www.pc-kombo.com/us/product/ram/0740617258486_HyperX%20Predator%20DDR4-3000%20CL15
262,G.Skill Trident Z DDR4-3600 16GB,16 GB,DDR4,42.99,G.Skill,3600,17-18-18-38-2N,2,https://www.pc-kombo.com/us/product/ram/4719692008466_G.Skill%20Trident%20Z%20DDR4-3600%2016GB
781,Corsair Vengeance LPX Series black DDR4-3000,32 GB,DDR4,104.99,Corsair,3000,15-17-17-35,2,https://www.pc-kombo.com/us/product/ram/0843591071222_Corsair%20Vengeance%20LPX%20Series%20schwarz%20DDR4-3000
1299,G.Skill Trident Z DDR4-3200 32GB,32 GB,DDR4,62.99,G.Skill,3200,16-18-18-38-2N,4,https://www.pc-kombo.com/us/product/ram/0848354022107_G.Skill%20Trident%20Z%20DDR4-3200%2032GB
1370,G.Skill Trident Z DDR4-3733 16GB,16 GB,DDR4,42.99,G.Skill,3733,17-17-17-37-2N,2,https://www.pc-kombo.com/us/product/ram/0848354023852_G.Skill%20Trident%20Z%20DDR4-3733%2016GB
298,G.Skill Trident Z Series silver/red,16 GB,DDR4,49.99,G.Skill,3200,15-15-15-35,2,https://www.pc-kombo.com/us/product/ram/4719692009494_G.Skill%20Trident%20Z%20Series%20silber_rot
1083,G.Skill Flare X Series,64 GB,DDR4,199.99,G.Skill,2400,16-16-16-39,4,https://www.pc-kombo.com/us/product/ram/4719692015891_G.Skill%20Flare%20X%20Series
867,Corsair Vengeance RGB Pro SL DDR4-3200,32 GB,DDR4,104.99,Corsair,3200,16-20-20-38,4,https://www.pc-kombo.com/us/product/ram/0840006632160_Corsair%20Vengeance%20RGB%20Pro%20SL%20DDR4-3200
864,Corsair Vengeance RGB Pro SL,32 GB,DDR4,84.99,Corsair,3200,16-20-20-38,4,https://www.pc-kombo.com/us/product/ram/0840006632153_Corsair%20Vengeance%20RGB%20Pro%20SL
538,Corsair Dominator Platinum Series — 16GB,16 GB,DDR3,89.99,Corsair,2400,11-13-13-31,4,https://www.pc-kombo.com/us/product/ram/0843591021739_Corsair%20Dominator%20Platinum%20Series%20—%2016GB
1140,G.Skill Ripjaws 4 DDR4-2800 16GB,16 GB,DDR4,42.99,G.Skill,2800,16-16-16-36-2N,4,https://www.pc-kombo.com/us/product/ram/4719692001245_G.Skill%20Ripjaws%204%20DDR4-2800%2016GB
1200,G.Skill Ripjaws V DDR4-2800 32GB,32 GB,DDR4,62.99,G.Skill,2800,15-16-16-35-2N,4,https://www.pc-kombo.com/us/product/ram/4719692003799_G.Skill%20Ripjaws%20V%20DDR4-2800%2032GB
1455,G.Skill Trident Z RGB Series für AMD Ryzen,16 GB,DDR4,49.99,G.Skill,2933,14-14-14-34,2,https://www.pc-kombo.com/us/product/ram/4719692018540_G.Skill%20Trident%20Z%20RGB%20Series%20für%20AMD%20Ryzen
446,Corsair 1GB DDR2 Memory,1 GB,DDR2,134.31931034482800,Corsair,533,4-4-4-12,1,https://www.pc-kombo.com/us/product/ram/5052179817571_Corsair%201GB%20DDR2%20Memory
940,Corsair — 8GB Dual Channel DDR3 Memory Kit,8 GB,DDR3,24.99,Corsair,1600,8-8-8-24,2,https://www.pc-kombo.com/us/product/ram/5054533361980_Corsair%20—%208GB%20Dual%20Channel%20DDR3%20Memory%20Kit
924,Corsair — 16GB Dual/Quad Channel DDR3 Memory Kit,16 GB,DDR3,41.99,Corsair,1866,9-10-9-27,4,https://www.pc-kombo.com/us/product/ram/0012304322191_Corsair%20—%2016GB%20Dual_Quad%20Channel%20DDR3%20Memory%20Kit
63,Corsair Vengeance LED white DDR4-2666  CL16,32 GB,DDR4,104.99,Corsair,2666,,1,https://www.pc-kombo.com/us/product/ram/0843591090308_Corsair%20Vengeance%20LED%20Weiß%20DDR4-2666%20%20CL16
1074,G.Skill Flare X (for AMD) DDR4-2133 32GB,32 GB,DDR4,95.99,G.Skill,2133,15-15-15-36,2,https://www.pc-kombo.com/us/product/ram/0848354025962_G.Skill%20Flare%20X%20(for%20AMD)%20DDR4-2133%2032GB
407,Thermaltake Toughram RGB DDR4-3600 CL18 - 16 GB Dual-Kit,16 GB,DDR4,41.99,Thermaltake,3600,18-22-22-42,2,https://www.pc-kombo.com/us/product/ram/4713227522076_Thermaltake%20Toughram%20RGB%20DDR4-3600%20CL18%20-%2016%20GB%20Dual-Kit
1430,G.Skill Trident Z RGB DDR4-3000 16GB,16 GB,DDR4,49.99,G.Skill,3000,14-14-14-34-2N,2,https://www.pc-kombo.com/us/product/ram/0848354025139_G.Skill%20Trident%20Z%20RGB%20DDR4-3000%2016GB
700,Corsair Vengeance LED Series,16 GB,DDR4,220.0,Corsair,2666,16-18-18-35,2,https://www.pc-kombo.com/us/product/ram/0843591090223_Corsair%20Vengeance%20LED%20Series
821,Corsair Vengeance RGB Pro Series black,16 GB,DDR4,69.98,Corsair,4000,19-23-23-45,2,https://www.pc-kombo.com/us/product/ram/0843591078733_Corsair%20Vengeance%20RGB%20Pro%20Series%20schwarz
1454,G.Skill Trident Z RGB Series für AMD Ryzen,16 GB,DDR4,49.99,G.Skill,2400,15-15-15-35,2,https://www.pc-kombo.com/us/product/ram/4719692018229_G.Skill%20Trident%20Z%20RGB%20Series%20für%20AMD%20Ryzen
701,Corsair Vengeance LED white DDR4-3000  CL15,16 GB,DDR4,41.99,Corsair,3000,,2,https://www.pc-kombo.com/us/product/ram/0843591090247_Corsair%20Vengeance%20LED%20Weiß%20DDR4-3000%20%20CL15
1285,G.Skill Trident Z DDR4-3000 16GB,16 GB,DDR4,42.99,G.Skill,3000,15-16-16-35-2N,2,https://www.pc-kombo.com/us/product/ram/0848354015451_G.Skill%20Trident%20Z%20DDR4-3000%2016GB
1672,Thermaltake Toughram RGB DDR4-4000 CL19- 16 GB Dual-Kit,16 GB,DDR4,41.99,Thermaltake,4000,19-23-23-42,2,https://www.pc-kombo.com/us/product/ram/4713227523073_Thermaltake%20Toughram%20RGB%20DDR4-4000%20CL19-%2016%20GB%20Dual-Kit
1082,G.Skill Flare X Series,32 GB,DDR4,272.21,G.Skill,2400,16-16-16-39,2,https://www.pc-kombo.com/us/product/ram/4719692015884_G.Skill%20Flare%20X%20Series
1130,G.Skill Ripjaws 4 DDR4-2666 16GB,16 GB,DDR4,42.99,G.Skill,2666,15-15-15-35-2N,4,https://www.pc-kombo.com/us/product/ram/4719692000934_G.Skill%20Ripjaws%204%20DDR4-2666%2016GB
278,G.Skill Trident Z RGB DDR4-3200 16GB,16 GB,DDR4,49.99,G.Skill,3200,14-14-14-34,2,https://www.pc-kombo.com/us/product/ram/0848354025177_G.Skill%20Trident%20Z%20RGB%20DDR4-3200%2016GB
230,G.Skill Trident Z DDR4-3200 32GB,32 GB,DDR4,62.99,G.Skill,3200,16-18-18-38-2N,2,https://www.pc-kombo.com/us/product/ram/4719692013101_G.Skill%20Trident%20Z%20DDR4-3200%2032GB
1505,Gigabyte Aorus RGB Memory,16 GB,DDR4,43.99,Gigabyte,3733,"18-22-22-42, 20-26-26-46",2,https://www.pc-kombo.com/us/product/ram/4719331814960_Gigabyte%20Aorus%20RGB%20Memory
328,HyperX Fury black DDR3-1866 CL10,16 GB,DDR3,134.31931034482800,HyperX,1866,,2,https://www.pc-kombo.com/us/product/ram/0740617230574_HyperX%20Fury%20schwarz%20DDR3-1866%20CL10
875,Corsair Vengeance RGB RS,32 GB,DDR4,79.98,Corsair,3600,18-22-22-42,2,https://www.pc-kombo.com/us/product/ram/0840006649021_Corsair%20Vengeance%20RGB%20RS
888,Corsair Vengeance RGB RT,32 GB,DDR4,99.99,Corsair,3200,16-20-20-38,2,https://www.pc-kombo.com/us/product/ram/0840006650553_Corsair%20Vengeance%20RGB%20RT
46,Corsair LPX 16GB,16 GB,DDR4,41.99,Corsair,2400,16-16-16-39,2,https://www.pc-kombo.com/us/product/ram/6907502583564_Corsair%20LPX%2016GB
843,Corsair Vengeance RGB Pro Series white,32 GB,DDR4,104.99,Corsair,2666,16-18-18-35,2,https://www.pc-kombo.com/us/product/ram/0843591082884_Corsair%20Vengeance%20RGB%20Pro%20Series%20weiß
863,Corsair Vengeance RGB Pro SL,32 GB,DDR4,84.99,Corsair,3200,16-20-20-38,2,https://www.pc-kombo.com/us/product/ram/0840006632108_Corsair%20Vengeance%20RGB%20Pro%20SL
270,G.Skill Trident Z Neo Series,32 GB,DDR4,152.69,G.Skill,3600,18-22-22-42,2,https://www.pc-kombo.com/us/product/ram/4713294223661_G.Skill%20Trident%20Z%20Neo%20Series
1216,G.Skill Ripjaws V DDR4-3000 16GB,16 GB,DDR4,42.99,G.Skill,3000,15-15-15-35-2N,2,https://www.pc-kombo.com/us/product/ram/4719692004345_G.Skill%20Ripjaws%20V%20DDR4-3000%2016GB
874,Corsair Vengeance RGB RS,32 GB,DDR4,79.98,Corsair,3200,16-20-20-38,2,https://www.pc-kombo.com/us/product/ram/0840006649038_Corsair%20Vengeance%20RGB%20RS
1215,G.Skill Ripjaws V DDR4-3000 16GB,16 GB,DDR4,42.99,G.Skill,3000,14-14-14-34-2N,2,https://www.pc-kombo.com/us/product/ram/0848354019398_G.Skill%20Ripjaws%20V%20DDR4-3000%2016GB
194,G.Skill Ripjaws V DDR4-3466 16GB,16 GB,DDR4,42.99,G.Skill,3466,16-18-18-38-2N,2,https://www.pc-kombo.com/us/product/ram/0848354018575_G.Skill%20Ripjaws%20V%20DDR4-3466%2016GB
774,Corsair Vengeance LPX Series black DDR4-2400,16 GB,DDR4,41.99,Corsair,2400,14-16-16-31,4,https://www.pc-kombo.com/us/product/ram/0843591054911_Corsair%20Vengeance%20LPX%20Series%20schwarz%20DDR4-2400
1535,HyperX Predator DDR4-3000 CL15,16 GB,DDR4,134.31931034482800,HyperX,3000,,2,https://www.pc-kombo.com/us/product/ram/0740617258516_HyperX%20Predator%20DDR4-3000%20CL15
1214,G.Skill Ripjaws V DDR4-3000 16GB,16 GB,DDR4,42.99,G.Skill,3000,15-16-16-35-2N,2,https://www.pc-kombo.com/us/product/ram/4719692004574_G.Skill%20Ripjaws%20V%20DDR4-3000%2016GB
351,HyperX Predator DDR4-3200 CL16,16 GB,DDR4,134.31931034482800,HyperX,3200,,2,https://www.pc-kombo.com/us/product/ram/0740617258462_HyperX%20Predator%20DDR4-3200%20CL16
31,Corsair Dominator Platinum RGB Series,16 GB,DDR4,69.98,Corsair,3200,16-18-18-36,2,https://www.pc-kombo.com/us/product/ram/0840006609452_Corsair%20Dominator%20Platinum%20RGB%20Series
1334,G.Skill Trident Z DDR4-3333 16GB,16 GB,DDR4,42.99,G.Skill,3333,16-18-18-38-2N,2,https://www.pc-kombo.com/us/product/ram/0848354022992_G.Skill%20Trident%20Z%20DDR4-3333%2016GB
181,G.Skill Ripjaws V DDR4-3200 16GB,16 GB,DDR4,42.99,G.Skill,3200,16-16-16-36-2N,2,https://www.pc-kombo.com/us/product/ram/6907502583649_G.Skill%20Ripjaws%20V%20DDR4-3200%2016GB
1270,G.Skill RipJaws V Series black,16 GB,DDR4,42.99,G.Skill,3000,15-16-16-35,2,https://www.pc-kombo.com/us/product/ram/4719692006318_G.Skill%20RipJaws%20V%20Series%20schwarz
682,Corsair Vengeance DDR3-1600 CL9,12 GB,DDR3,134.31931034482800,Corsair,1600,,3,https://www.pc-kombo.com/us/product/ram/0843591010863_Corsair%20Vengeance%20DDR3-1600%20CL9
183,G.Skill Ripjaws V DDR4-3200 16GB,16 GB,DDR4,42.99,G.Skill,3200,16-16-16-36-2N,2,https://www.pc-kombo.com/us/product/ram/4719692004796_G.Skill%20Ripjaws%20V%20DDR4-3200%2016GB
182,G.Skill Ripjaws V DDR4-3200 16GB,16 GB,DDR4,42.99,G.Skill,3200,16-16-16-36-2N,2,https://www.pc-kombo.com/us/product/ram/4719692004826_G.Skill%20Ripjaws%20V%20DDR4-3200%2016GB
316,HyperX Fury red DDR3-1600 CL10,16 GB,DDR3,134.31931034482800,HyperX,1600,,2,https://www.pc-kombo.com/us/product/ram/0740617230475_HyperX%20Fury%20rot%20DDR3-1600%20CL10
1383,G.Skill Trident Z DDR4-4000 16GB,16 GB,DDR4,42.99,G.Skill,4000,19-21-21-41-2N,2,https://www.pc-kombo.com/us/product/ram/0848354018452_G.Skill%20Trident%20Z%20DDR4-4000%2016GB
862,Corsair Vengeance RGB Pro SL,32 GB,DDR4,84.99,Corsair,3600,18-22-22-42,2,https://www.pc-kombo.com/us/product/ram/0840006632085_Corsair%20Vengeance%20RGB%20Pro%20SL
861,Corsair Vengeance RGB Pro SL,32 GB,DDR4,84.99,Corsair,3600,18-22-22-42,2,https://www.pc-kombo.com/us/product/ram/0840006632078_Corsair%20Vengeance%20RGB%20Pro%20SL
1071,G.Skill AEGIS Series,16 GB,DDR4,220.0,G.Skill,2400,17-17-17-39,2,https://www.pc-kombo.com/us/product/ram/4719692017734_G.Skill%20AEGIS%20Series
289,G.Skill Trident Z Royal Series gold,16 GB,DDR4,49.99,G.Skill,3600,18-22-22-42,2,https://www.pc-kombo.com/us/product/ram/4713294222725_G.Skill%20Trident%20Z%20Royal%20Series%20gold
94,"Corsair Vengeance LPX Series black DDR4-3000, CL15 - 8 GB Kit",8 GB,DDR4,24.99,Corsair,3000,15-17-17-35,2,"https://www.pc-kombo.com/us/product/ram/0843591069663_Corsair%20Vengeance%20LPX%20Series%20schwarz%20DDR4-3000,%20CL15%20-%208%20GB%20Kit"
1502,G.Skill Value Series,16 GB,DDR4,220.0,G.Skill,2400,15-15-15-35,2,https://www.pc-kombo.com/us/product/ram/4719692006837_G.Skill%20Value%20Series
1591,Kingston DDR4-2400 CL17 reg ECC   - HP branded,32 GB,DDR4,62.99,Kingston,2400,,1,https://www.pc-kombo.com/us/product/ram/0740617259124_Kingston%20DDR4-2400%20CL17%20reg%20ECC%20%20%20-%20HP%20branded
577,Corsair LPX 16GB,16 GB,DDR4,41.99,Corsair,2133,13-15-15-28,4,https://www.pc-kombo.com/us/product/ram/5054629668672_Corsair%20LPX%2016GB
928,Corsair — 32GB Dual/Quad Channel DDR3 Memory Kit,32 GB,DDR3,104.99,Corsair,1600,10-10-10-27,4,https://www.pc-kombo.com/us/product/ram/0021111181303_Corsair%20—%2032GB%20Dual_Quad%20Channel%20DDR3%20Memory%20Kit
45,Corsair LPX 16GB,16 GB,DDR4,41.99,Corsair,3000,15-17-17-35,2,https://www.pc-kombo.com/us/product/ram/6907502584073_Corsair%20LPX%2016GB
1527,HyperX Fury white DDR3-1333 CL9,16 GB,DDR3,134.31931034482800,HyperX,1333,,2,https://www.pc-kombo.com/us/product/ram/0740617230352_HyperX%20Fury%20weiß%20DDR3-1333%20CL9
209,G.Skill Sniper X Series,32 GB,DDR4,272.21,G.Skill,3200,16-18-18-38,2,https://www.pc-kombo.com/us/product/ram/4719692019677_G.Skill%20Sniper%20X%20Series
279,G.Skill Trident Z RGB DDR4-3200 32GB,32 GB,DDR4,95.99,G.Skill,3200,14-14-14-34,2,https://www.pc-kombo.com/us/product/ram/0848354026204_G.Skill%20Trident%20Z%20RGB%20DDR4-3200%2032GB
1167,G.Skill RipJaws V,32 GB,DDR4,64.98,G.Skill,3600,18-22-22-42,2,https://www.pc-kombo.com/us/product/ram/4713294223104_G.Skill%20RipJaws%20V
138,Crucial Ballistix Sport LT series white,16 GB,DDR4,40.99,Crucial,3200,16-18-18,2,https://www.pc-kombo.com/us/product/ram/0649528789068_Crucial%20Ballistix%20Sport%20LT%20series%20weiß
133,Crucial Ballistix Sport LT series red,16 GB,DDR4,134.31931034482800,Crucial,3200,16-18-18,2,https://www.pc-kombo.com/us/product/ram/0649528789181_Crucial%20Ballistix%20Sport%20LT%20series%20rot
1196,G.Skill Ripjaws V DDR4-2800 16GB,16 GB,DDR4,42.99,G.Skill,2800,15-16-16-35-2N,2,https://www.pc-kombo.com/us/product/ram/4719692003751_G.Skill%20Ripjaws%20V%20DDR4-2800%2016GB
1519,HyperX Fury black DDR3-1333 CL9,16 GB,DDR3,134.31931034482800,HyperX,1333,,2,https://www.pc-kombo.com/us/product/ram/0740617230253_HyperX%20Fury%20schwarz%20DDR3-1333%20CL9
1019,Crucial Ballistix Sport LT series white,16 GB,DDR4,40.99,Crucial,3000,15-16-16,1,https://www.pc-kombo.com/us/product/ram/0649528788696_Crucial%20Ballistix%20Sport%20LT%20series%20weiß
789,Corsair Vengeance Pro Blue DDR3-1600 CL9,16 GB,DDR3,69.98,Corsair,1600,,2,https://www.pc-kombo.com/us/product/ram/0843591041898_Corsair%20Vengeance%20Pro%20Blue%20DDR3-1600%20CL9
208,G.Skill Sniper X Series,32 GB,DDR4,272.21,G.Skill,3200,16-18-18-38,2,https://www.pc-kombo.com/us/product/ram/4719692019684_G.Skill%20Sniper%20X%20Series
219,G.Skill Trident Z DDR4-3200 16GB,16 GB,DDR4,42.99,G.Skill,3200,15-15-15-35-2N,2,https://www.pc-kombo.com/us/product/ram/4719692013170_G.Skill%20Trident%20Z%20DDR4-3200%2016GB
885,Corsair Vengeance RGB RT,16 GB,DDR4,67.98,Corsair,3200,16-20-20-38,2,https://www.pc-kombo.com/us/product/ram/0840006650485_Corsair%20Vengeance%20RGB%20RT
565,Corsair LP 8GB,8 GB,DDR3,24.99,Corsair,1600,9-9-9-24,1,https://www.pc-kombo.com/us/product/ram/0843591058582_Corsair%20LP%208GB
917,Corsair — 16GB Dual Channel DDR3 Memory Kit,16 GB,DDR3,41.99,Corsair,1600,10-10-10-27,2,https://www.pc-kombo.com/us/product/ram/0843591024983_Corsair%20—%2016GB%20Dual%20Channel%20DDR3%20Memory%20Kit
916,Corsair — 16GB Dual Channel DDR3 Memory Kit,16 GB,DDR3,41.99,Corsair,1600,10-10-10-27,2,https://www.pc-kombo.com/us/product/ram/4054318578733_Corsair%20—%2016GB%20Dual%20Channel%20DDR3%20Memory%20Kit
218,G.Skill Trident Z DDR4-3200 16GB,16 GB,DDR4,42.99,G.Skill,3200,16-18-18-38-2N,2,https://www.pc-kombo.com/us/product/ram/0848354023074_G.Skill%20Trident%20Z%20DDR4-3200%2016GB
858,Corsair Vengeance RGB Pro SL,16 GB,DDR4,54.99,Corsair,3600,18-22-22-42,2,https://www.pc-kombo.com/us/product/ram/0840006631989_Corsair%20Vengeance%20RGB%20Pro%20SL
267,G.Skill Trident Z Neo Series,16 GB,DDR4,220.0,G.Skill,3200,16-18-18-38,2,https://www.pc-kombo.com/us/product/ram/4713294223289_G.Skill%20Trident%20Z%20Neo%20Series
1194,G.Skill Ripjaws V DDR4-2800 16GB,16 GB,DDR4,42.99,G.Skill,2800,16-16-16-36-2N,2,https://www.pc-kombo.com/us/product/ram/4719692006172_G.Skill%20Ripjaws%20V%20DDR4-2800%2016GB
646,Corsair SO-Dimm Vengeance Series DDR4-3000,16 GB,DDR4,41.99,Corsair,3000,16-18-18-36,2,https://www.pc-kombo.com/us/product/ram/0843591094061_Corsair%20SO-Dimm%20Vengeance%20Series%20DDR4-3000
1003,Crucial Ballistix Sport LT Series red,16 GB,DDR4,134.31931034482800,Crucial,2400,16-16-16,1,https://www.pc-kombo.com/us/product/ram/0649528777249_Crucial%20Ballistix%20Sport%20LT%20Series%20rot
1070,G.Skill Aegis Series,32 GB,DDR4,117.99,G.Skill,3200,16-18-18-38,2,https://www.pc-kombo.com/us/product/ram/4713294224415_G.Skill%20Aegis%20Series
124,Crucial Ballistix Sport LT grey DDR4-2666 CL16,16 GB,DDR4,45.99,Ballistix,2666,,1,https://www.pc-kombo.com/us/product/ram/0649528782168_Crucial%20Ballistix%20Sport%20LT%20Grau%20DDR4-2666%20CL16
960,Crucial Ballistix Sport AT,16 GB,DDR4,134.31931034482800,Crucial,2666,16-18-18,1,https://www.pc-kombo.com/us/product/ram/0649528786739_Crucial%20Ballistix%20Sport%20AT
1016,Crucial Ballistix Sport LT Series white,16 GB,DDR4,40.99,Crucial,2400,16-16-16,1,https://www.pc-kombo.com/us/product/ram/0649528774255_Crucial%20Ballistix%20Sport%20LT%20Series%20weiß
441,Ballistix Tactical DDR4-3000 CL15,8 GB,DDR4,134.31931034482800,Ballistix,3000,,1,https://www.pc-kombo.com/us/product/ram/0649528778826_Ballistix%20Tactical%20DDR4-3000%20CL15
409,ADATA Premier Series DDR3-1600 CL11,8 GB,DDR3,134.31931034482800,Adata,1600,,1,https://www.pc-kombo.com/us/product/ram/4713435794159_ADATA%20Premier%20Series%20DDR3-1600%20CL11
857,Corsair Vengeance RGB Pro SL,16 GB,DDR4,54.99,Corsair,3200,16-20-20-38,2,https://www.pc-kombo.com/us/product/ram/0840006632016_Corsair%20Vengeance%20RGB%20Pro%20SL
1077,G.Skill Flare X (for AMD) DDR4-2400 16GB,16 GB,DDR4,49.99,G.Skill,2400,16-16-16-39,2,https://www.pc-kombo.com/us/product/ram/0848354025641_G.Skill%20Flare%20X%20(for%20AMD)%20DDR4-2400%2016GB
217,G.Skill Trident Z DDR4-3200 16GB,16 GB,DDR4,42.99,G.Skill,3200,16-18-18-38-2N,2,https://www.pc-kombo.com/us/product/ram/0848354023111_G.Skill%20Trident%20Z%20DDR4-3200%2016GB
856,Corsair Vengeance RGB Pro SL,16 GB,DDR4,54.99,Corsair,3200,"15-15-15-36, 16-20-20-38",2,https://www.pc-kombo.com/us/product/ram/0840006632009_Corsair%20Vengeance%20RGB%20Pro%20SL
158,Crucial DDR5-4800,16 GB,DDR5,45.99,Crucial,4800,40-39-39,2,https://www.pc-kombo.com/us/product/ram/0649528905611_Crucial%20DDR5-4800
1191,G.Skill Ripjaws V DDR4-2666 8GB,8 GB,DDR4,21.99,G.Skill,2666,15-15-15-35-2N,2,https://www.pc-kombo.com/us/product/ram/0848354013358_G.Skill%20Ripjaws%20V%20DDR4-2666%208GB
2,ADATA Premier DDR5-4800,16 GB,DDR5,134.31931034482800,ADATA,4800,40,1,https://www.pc-kombo.com/us/product/ram/4711085936448_ADATA%20Premier%20DDR5-4800
773,Corsair Vengeance LPX Series black DDR4-2400,16 GB,DDR4,41.99,Corsair,2400,16-16-16-39,2,https://www.pc-kombo.com/us/product/ram/0843591082549_Corsair%20Vengeance%20LPX%20Series%20schwarz%20DDR4-2400
1184,G.Skill Ripjaws V DDR4-2666 16GB,16 GB,DDR4,42.99,G.Skill,2666,15-15-15-35-2N,2,https://www.pc-kombo.com/us/product/ram/0848354013433_G.Skill%20Ripjaws%20V%20DDR4-2666%2016GB
341,HyperX Fury white DDR3-1600 CL10,8 GB,DDR3,134.31931034482800,HyperX,1600,,2,https://www.pc-kombo.com/us/product/ram/0740617230529_HyperX%20Fury%20weiß%20DDR3-1600%20CL10
179,G.Skill Ripjaws V DDR4-3200 16GB,16 GB,DDR4,42.99,G.Skill,3200,15-15-15-35-2N,2,https://www.pc-kombo.com/us/product/ram/0848354019473_G.Skill%20Ripjaws%20V%20DDR4-3200%2016GB
205,G.Skill Sniper X Series,16 GB,DDR4,220.0,G.Skill,3200,16-18-18-38,2,https://www.pc-kombo.com/us/product/ram/4719692019622_G.Skill%20Sniper%20X%20Series
766,Corsair Vengeance LPX Series black,16 GB,DDR4,134.31931034482800,Corsair,2666,15-15-15-36,1,https://www.pc-kombo.com/us/product/ram/0843591084260_Corsair%20Vengeance%20LPX%20Series%20schwarz
574,Corsair LPX 16GB,16 GB,DDR4,41.99,Corsair,2400,14-16-16-31,1,https://www.pc-kombo.com/us/product/ram/0843591084246_Corsair%20LPX%2016GB
573,Corsair LPX 16GB,16 GB,DDR4,41.99,Corsair,3200,16-18-18-36,4,https://www.pc-kombo.com/us/product/ram/4053162965775_Corsair%20LPX%2016GB
650,Corsair ValueSelect,16 GB,DDR4,39.99,Corsair,2133,15-15-15-36,2,https://www.pc-kombo.com/us/product/ram/0843591068161_Corsair%20ValueSelect
380,Kingston Value DDR3-1600  CL11,8 GB,DDR3,19.43,Kingston,1600,,1,https://www.pc-kombo.com/us/product/ram/0740617206937_Kingston%20Value%20DDR3-1600%20%20CL11
1499,G.Skill Value Series,8 GB,DDR4,134.31931034482800,G.Skill,2666,19-19-19-43,1,https://www.pc-kombo.com/us/product/ram/4719692019950_G.Skill%20Value%20Series
628,Corsair Pro Series — 8GB,8 GB,DDR3,134.31931034482800,Corsair,1600,9-9-9-24,2,https://www.pc-kombo.com/us/product/ram/0843591041959_Corsair%20Pro%20Series%20—%208GB
307,HyperX Fury blue DDR3-1600 CL10,8 GB,DDR3,134.31931034482800,HyperX,1600,,2,https://www.pc-kombo.com/us/product/ram/0740617230444_HyperX%20Fury%20blau%20DDR3-1600%20CL10
327,HyperX Fury black DDR3-1866 CL10,8 GB,DDR3,134.31931034482800,HyperX,1866,,2,https://www.pc-kombo.com/us/product/ram/0740617230581_HyperX%20Fury%20schwarz%20DDR3-1866%20CL10
449,Corsair 2GB Dual Channel DDR Memory Kit,2 GB,DDR1,94.9,Corsair,400,3-3-3-8,2,https://www.pc-kombo.com/us/product/ram/0132017663210_Corsair%202GB%20Dual%20Channel%20DDR%20Memory%20Kit
572,Corsair LPX 16GB,16 GB,DDR4,41.99,Corsair,2400,16-16-16-39,1,https://www.pc-kombo.com/us/product/ram/0843591095396_Corsair%20LPX%2016GB
676,Corsair Vengeance DDR3-1600 CL10,8 GB,DDR3,44.99,Corsair,1600,,1,https://www.pc-kombo.com/us/product/ram/0843591016179_Corsair%20Vengeance%20DDR3-1600%20CL10
1067,G.Skill AEGIS Series,8 GB,DDR4,134.31931034482800,G.Skill,2400,17-17-17-39,1,https://www.pc-kombo.com/us/product/ram/4719692017727_G.Skill%20AEGIS%20Series
1001,Crucial Ballistix Sport LT Series red,8 GB,DDR4,19.98,Crucial,2400,16-16-16,2,https://www.pc-kombo.com/us/product/ram/0649528777317_Crucial%20Ballistix%20Sport%20LT%20Series%20rot
1496,G.Skill Value Series,4 GB,DDR4,134.31931034482800,G.Skill,2400,15-15-15-35,1,https://www.pc-kombo.com/us/product/ram/4719692006868_G.Skill%20Value%20Series
772,Corsair Vengeance LPX Series black DDR4-2400,8 GB,DDR4,24.99,Corsair,2400,14-16-16-31,2,https://www.pc-kombo.com/us/product/ram/0843591057523_Corsair%20Vengeance%20LPX%20Series%20schwarz%20DDR4-2400
986,Crucial Ballistix Sport LT Series grey DDR4-2400,8 GB,DDR4,19.98,Crucial,2400,16-16-16,1,https://www.pc-kombo.com/us/product/ram/0649528778130_Crucial%20Ballistix%20Sport%20LT%20Series%20grau%20DDR4-2400
1000,Crucial Ballistix Sport LT Series red,8 GB,DDR4,19.98,Crucial,2666,16-18-18,1,https://www.pc-kombo.com/us/product/ram/0649528782083_Crucial%20Ballistix%20Sport%20LT%20Series%20rot
929,Corsair — 4GB Dual Channel DDR3 Memory Kit,4 GB,DDR3,14.99,Corsair,1600,9-9-9-24,2,https://www.pc-kombo.com/us/product/ram/0971478058803_Corsair%20—%204GB%20Dual%20Channel%20DDR3%20Memory%20Kit
1183,G.Skill Ripjaws V DDR4-2400 8GB,8 GB,DDR4,21.99,G.Skill,2400,15-15-15-35-2N,2,https://www.pc-kombo.com/us/product/ram/0848354013112_G.Skill%20Ripjaws%20V%20DDR4-2400%208GB
451,Corsair 8GB,8 GB,DDR4,24.99,Corsair,2400,16-16-16-39,1,https://www.pc-kombo.com/us/product/ram/0843591024259_Corsair%208GB
1602,Kingston Value  DDR3-1333  CL9,4 GB,DDR3,37.99,Kingston,1333,,1,https://www.pc-kombo.com/us/product/ram/0740617207620_Kingston%20Value%20%20DDR3-1333%20%20CL9
654,Corsair ValueSelect DDR3-1333 CL9,8 GB,DDR3,49.99,Corsair,1333,,1,https://www.pc-kombo.com/us/product/ram/0843591020916_Corsair%20ValueSelect%20DDR3-1333%20CL9
1509,HyperX Fury blue DDR3-1333 CL9,4 GB,DDR3,134.31931034482800,Hynix,1333,,1,https://www.pc-kombo.com/us/product/ram/0740617230215_HyperX%20Fury%20blau%20DDR3-1333%20CL9
321,HyperX Fury black DDR3-1600 CL10,4 GB,DDR3,134.31931034482800,HyperX,1600,,1,https://www.pc-kombo.com/us/product/ram/0740617230390_HyperX%20Fury%20schwarz%20DDR3-1600%20CL10
373,Kingston Value  DDR3-1600  CL11,4 GB,DDR3,37.99,Kingston,1600,,1,https://www.pc-kombo.com/us/product/ram/0740617207774_Kingston%20Value%20%20DDR3-1600%20%20CL11
657,Corsair ValueSelect Series DDR4-2133,8 GB,DDR4,49.99,Corsair,2133,15-15-15-36,1,https://www.pc-kombo.com/us/product/ram/0843591052955_Corsair%20ValueSelect%20Series%20DDR4-2133
999,Crucial Ballistix Sport LT Series red,4 GB,DDR4,29.99,Crucial,2400,16-16-16,1,https://www.pc-kombo.com/us/product/ram/0649528777225_Crucial%20Ballistix%20Sport%20LT%20Series%20rot
169,G.Skill Aegis DDR4 DDR4-2400 4GB,4 GB,DDR4,37.99,G.Skill,2400,15-15-15-35-2N,1,https://www.pc-kombo.com/us/product/ram/4719692009609_G.Skill%20Aegis%20DDR4%20DDR4-2400%204GB
1589,Kingston DDR4-2133 reg ECC  - Dell branded,8 GB,DDR4,28.69,Kingston,2133,,1,https://www.pc-kombo.com/us/product/ram/0740617237375_Kingston%20DDR4-2133%20reg%20ECC%20%20-%20Dell%20branded
145,Crucial Ballistix Sport LT white DDR4-2666 CL16,4 GB,DDR4,15.9,Ballistix,2666,,1,https://www.pc-kombo.com/us/product/ram/0649528781727_Crucial%20Ballistix%20Sport%20LT%20Weiss%20DDR4-2666%20CL16
1603,Kingston Value  DDR3-1333 CL9  Memory,2 GB,DDR3,17.09,Kingston,1333,,1,https://www.pc-kombo.com/us/product/ram/0740617228250_Kingston%20Value%20%20DDR3-1333%20CL9%20%20Ram